Mono path[0] = '/home/nelim/rimworld/RimWorldLinux_Data/Managed'
Mono config path = '/home/nelim/rimworld/RimWorldLinux_Data/MonoBleedingEdge/etc'
Preloaded 'lib_burst_generated.so'
Preloaded 'libsteam_api.so'
Display 0 'screen': 1920x1080 (primary device).
[PhysX] Initialized MultithreadedTaskDispatcher with 16 workers.
Desktop is 1920 x 1080 @ 0 Hz
Initialize engine version: 2022.3.35f1 (011206c7a712)
[Subsystems] Discovering subsystems at path /home/nelim/rimworld/RimWorldLinux_Data/UnitySubsystems
GfxDevice: creating device client; threaded=1; jobified=0
Renderer: llvmpipe (LLVM 20.1.2, 256 bits)
Vendor:   Mesa
Version:  4.5 (Core Profile) Mesa 25.2.8-0ubuntu0.24.04.2
GLES:     0
 GL_3DFX_texture_compression_FXT1 GL_AMD_conservative_depth GL_AMD_draw_buffers_blend GL_AMD_gpu_shader_int64 GL_AMD_multi_draw_indirect GL_AMD_pinned_memory GL_AMD_query_buffer_object GL_AMD_seamless_cubemap_per_texture GL_AMD_shader_stencil_export GL_AMD_shader_trinary_minmax GL_AMD_texture_texture4 GL_AMD_vertex_shader_layer GL_AMD_vertex_shader_viewport_index GL_ANGLE_texture_compression_dxt3 GL_ANGLE_texture_compression_dxt5 GL_ARB_ES2_compatibility GL_ARB_ES3_1_compatibility GL_ARB_ES3_2_compatibility GL_ARB_ES3_compatibility GL_ARB_arrays_of_arrays GL_ARB_base_instance GL_ARB_blend_func_extended GL_ARB_buffer_storage GL_ARB_clear_buffer_object GL_ARB_clear_texture GL_ARB_clip_control GL_ARB_compressed_texture_pixel_storage GL_ARB_compute_shader GL_ARB_conditional_render_inverted GL_ARB_conservative_depth GL_ARB_copy_buffer GL_ARB_copy_image GL_ARB_cull_distance GL_ARB_debug_output GL_ARB_depth_buffer_float GL_ARB_depth_clamp GL_ARB_derivative_control GL_ARB_direct_state_access GL_ARB_draw_buffers GL_A
RB_draw_buffers_blend GL_ARB_draw_elements_base_vertex GL_ARB_draw_indirect GL_ARB_draw_instanced GL_ARB_enhanced_layouts GL_ARB_explicit_attrib_location GL_ARB_explicit_uniform_location GL_ARB_fragment_coord_conventions GL_ARB_fragment_layer_viewport GL_ARB_fragment_shader GL_ARB_framebuffer_no_attachments GL_ARB_framebuffer_object GL_ARB_framebuffer_sRGB GL_ARB_get_program_binary GL_ARB_get_texture_sub_image GL_ARB_gl_spirv GL_ARB_gpu_shader5 GL_ARB_gpu_shader_fp64 GL_ARB_gpu_shader_int64 GL_ARB_half_float_pixel GL_ARB_half_float_vertex GL_ARB_indirect_parameters GL_ARB_instanced_arrays GL_ARB_internalformat_query GL_ARB_internalformat_query2 GL_ARB_invalidate_subdata GL_ARB_map_buffer_alignment GL_ARB_map_buffer_range GL_ARB_multi_bind GL_ARB_multi_draw_indirect GL_ARB_occlusion_query2 GL_ARB_parallel_shader_compile GL_ARB_pipeline_statistics_query GL_ARB_pixel_buffer_object GL_ARB_point_sprite GL_ARB_polygon_offset_clamp GL_ARB_post_depth_coverage GL_ARB_program_interface_query GL_ARB_provoking_vertex GL
_ARB_query_buffer_object GL_ARB_robust_buffer_access_behavior GL_ARB_robustness GL_ARB_sample_shading GL_ARB_sampler_objects GL_ARB_seamless_cube_map GL_ARB_seamless_cubemap_per_texture GL_ARB_separate_shader_objects GL_ARB_shader_atomic_counter_ops GL_ARB_shader_atomic_counters GL_ARB_shader_ballot GL_ARB_shader_bit_encoding GL_ARB_shader_clock GL_ARB_shader_draw_parameters GL_ARB_shader_group_vote GL_ARB_shader_image_load_store GL_ARB_shader_image_size GL_ARB_shader_objects GL_ARB_shader_precision GL_ARB_shader_stencil_export GL_ARB_shader_storage_buffer_object GL_ARB_shader_subroutine GL_ARB_shader_texture_image_samples GL_ARB_shader_texture_lod GL_ARB_shader_viewport_layer_array GL_ARB_shading_language_420pack GL_ARB_shading_language_include GL_ARB_shading_language_packing GL_ARB_spirv_extensions GL_ARB_stencil_texturing GL_ARB_sync GL_ARB_tessellation_shader GL_ARB_texture_barrier GL_ARB_texture_border_clamp GL_ARB_texture_buffer_object GL_ARB_texture_buffer_object_rgb32 GL_ARB_texture_buffer_range GL_A
RB_texture_compression_bptc GL_ARB_texture_compression_rgtc GL_ARB_texture_cube_map_array GL_ARB_texture_filter_anisotropic GL_ARB_texture_filter_minmax GL_ARB_texture_float GL_ARB_texture_gather GL_ARB_texture_mirror_clamp_to_edge GL_ARB_texture_multisample GL_ARB_texture_non_power_of_two GL_ARB_texture_query_levels GL_ARB_texture_query_lod GL_ARB_texture_rectangle GL_ARB_texture_rg GL_ARB_texture_rgb10_a2ui GL_ARB_texture_stencil8 GL_ARB_texture_storage GL_ARB_texture_storage_multisample GL_ARB_texture_swizzle GL_ARB_texture_view GL_ARB_timer_query GL_ARB_transform_feedback2 GL_ARB_transform_feedback3 GL_ARB_transform_feedback_instanced GL_ARB_transform_feedback_overflow_query GL_ARB_uniform_buffer_object GL_ARB_vertex_array_bgra GL_ARB_vertex_array_object GL_ARB_vertex_attrib_64bit GL_ARB_vertex_attrib_binding GL_ARB_vertex_buffer_object GL_ARB_vertex_shader GL_ARB_vertex_type_10f_11f_11f_rev GL_ARB_vertex_type_2_10_10_10_rev GL_ARB_viewport_array GL_ARM_shader_framebuffer_fetch_depth_stencil GL_ATI_blend
_equation_separate GL_ATI_meminfo GL_ATI_texture_float GL_ATI_texture_mirror_once GL_EXT_EGL_image_storage GL_EXT_EGL_image_storage_compression GL_EXT_EGL_sync GL_EXT_abgr GL_EXT_blend_equation_separate GL_EXT_debug_label GL_EXT_draw_buffers2 GL_EXT_draw_instanced GL_EXT_framebuffer_blit GL_EXT_framebuffer_multisample GL_EXT_framebuffer_multisample_blit_scaled GL_EXT_framebuffer_object GL_EXT_framebuffer_sRGB GL_EXT_memory_object GL_EXT_memory_object_fd GL_EXT_packed_depth_stencil GL_EXT_packed_float GL_EXT_pixel_buffer_object GL_EXT_polygon_offset_clamp GL_EXT_provoking_vertex GL_EXT_shader_clock GL_EXT_shader_framebuffer_fetch GL_EXT_shader_framebuffer_fetch_non_coherent GL_EXT_shader_image_load_formatted GL_EXT_shader_integer_mix GL_EXT_texture_array GL_EXT_texture_compression_dxt1 GL_EXT_texture_compression_rgtc GL_EXT_texture_compression_s3tc GL_EXT_texture_filter_anisotropic GL_EXT_texture_filter_minmax GL_EXT_texture_integer GL_EXT_texture_mirror_clamp GL_EXT_texture_sRGB GL_EXT_texture_sRGB_R8 GL_EXT
_texture_sRGB_RG8 GL_EXT_texture_sRGB_decode GL_EXT_texture_shadow_lod GL_EXT_texture_shared_exponent GL_EXT_texture_snorm GL_EXT_texture_storage GL_EXT_texture_swizzle GL_EXT_timer_query GL_EXT_transform_feedback GL_EXT_vertex_array_bgra GL_EXT_vertex_attrib_64bit GL_IBM_multimode_draw_arrays GL_INTEL_shader_atomic_float_minmax GL_KHR_blend_equation_advanced GL_KHR_blend_equation_advanced_coherent GL_KHR_context_flush_control GL_KHR_debug GL_KHR_no_error GL_KHR_parallel_shader_compile GL_KHR_robust_buffer_access_behavior GL_KHR_robustness GL_KHR_texture_compression_astc_ldr GL_KHR_texture_compression_astc_sliced_3d GL_MESA_framebuffer_flip_y GL_MESA_pack_invert GL_MESA_shader_integer_functions GL_MESA_texture_signed_rgba GL_NVX_gpu_memory_info GL_NV_alpha_to_coverage_dither_control GL_NV_conditional_render GL_NV_copy_image GL_NV_depth_clamp GL_NV_packed_depth_stencil GL_NV_shader_atomic_float GL_NV_texture_barrier GL_OES_EGL_image GL_OVR_multiview GL_OVR_multiview2 GL_S3_s3tc
OPENGL LOG: Creating OpenGL 4.5 graphics device ; Context level  <OpenGL 4.5> ; Context handle 167988272
Begin MonoManager ReloadAssembly
- Loaded All Assemblies, in  0.166 seconds
- Finished resetting the current domain, in  0.002 seconds
Default vsync count 1
requesting resize 1920 x 1080
resizing window to 1920 x 1080
Desktop is 1920 x 1080 @ 0 Hz
[PhysX] Initialized MultithreadedTaskDispatcher with 16 workers.
UnloadTime: 1.551610 ms
Command line arguments: -pickle-run=flower-meadow-studio.feature -pickle-no-browser -pickle-http-port=27750 -pickle-run-timeout=12 -pickle-set-name=studio -pickle-report-dir=/mnt/c/Users/nelim/Documents/rimworld/pickle-reports -logfile /mnt/c/Users/nelim/Documents/rimworld/pickle-reports/Player.log
[S_API] SteamAPI_Init(): SteamAPI_IsSteamRunning() did not locate a running instance of Steam.
dlopen failed trying to load:
/home/nelim/.steam/sdk64/steamclient.so
with error:
/home/nelim/.steam/sdk64/steamclient.so: cannot open shared object file: No such file or directory
[S_API] SteamAPI_Init(): Sys_LoadModule failed to load: /home/nelim/.steam/sdk64/steamclient.so
[Steamworks.NET] SteamAPI.Init() failed. Possible causes: Steam client not running, launched from outside Steam without steam_appid.txt in place, running with different privileges than Steam client (e.g. "as administrator")
RimWorld 1.6.4871 rev600
Fallback handler could not load library /home/nelim/rimworld/RimWorldLinux_Data/MonoBleedingEdge/x86_64/data-0x7d4c447be7d0.so
Fallback handler could not load library /home/nelim/rimworld/RimWorldLinux_Data/MonoBleedingEdge/x86_64/data-0x7d4c44850280.so
<color=#B2B2B2>[2026-09-22 08:55:04.919] [INFO] [Vanilla] </color>Command line arguments: -pickle-run=flower-meadow-studio.feature -pickle-no-browser -pickle-http-port=27750 -pickle-run-timeout=12 -pickle-set-name=studio -pickle-report-dir=/mnt/c/Users/nelim/Documents/rimworld/pickle-reports -logfile /mnt/c/Users/nelim/Documents/rimworld/pickle-reports/Player.log
UnityEngine.StackTraceUtility:ExtractStackTrace ()
Verse.Log:Message (string)
Verse.Root:CheckGlobalInit ()
Verse.Root:Start ()
Verse.Root_Entry:Start ()
<color=#B2B2B2>[2026-09-22 08:55:04.922] [WARN] [Vanilla] </color>[Steamworks.NET] SteamAPI.Init() failed. Possible causes: Steam client not running, launched from outside Steam without steam_appid.txt in place, running with different privileges than Steam client (e.g. "as administrator")
UnityEngine.StackTraceUtility:ExtractStackTrace ()
Verse.Log:Warning (string)
Verse.Steam.SteamManager:InitIfNeeded ()
Verse.Root:CheckGlobalInit ()
Verse.Root:Start ()
Verse.Root_Entry:Start ()
<color=#B2B2B2>[2026-09-22 08:55:04.922] [INFO] [Vanilla] </color>RimWorld 1.6.4871 rev600
UnityEngine.StackTraceUtility:ExtractStackTrace ()
Verse.Log:Message (string)
RimWorld.VersionControl:LogVersionNumber ()
Verse.Root:CheckGlobalInit ()
Verse.Root:Start ()
Verse.Root_Entry:Start ()
<color=#A5C2A5>[2026-09-22 08:55:05.455] [INFO] [RimWorks.RimLogging] [Patching/PatchBackends:49] </color>patched via Harmony {mod_id=rimworks.rimlogging}
at System.Reflection.RuntimeConstructorInfo.InternalInvoke
at System.Reflection.RuntimeConstructorInfo.InternalInvoke
at System.Reflection.RuntimeConstructorInfo.DoInvoke
at System.Reflection.RuntimeConstructorInfo.Invoke
at System.RuntimeType.CreateInstanceImpl
at System.Activator.CreateInstance
at System.Activator.CreateInstance
at Verse.LoadedModManager.CreateModClasses
at Verse.LoadedModManager.LoadAllActiveMods
at Verse.PlayDataLoader.DoPlayLoad
at Verse.PlayDataLoader.LoadAllPlayData
at Verse.Root+<>c.<Start>b__10_1
at Verse.LongEventHandler.RunEventFromAnotherThread
at Verse.LongEventHandler+<>c.<UpdateCurrentAsynchronousEvent>b__28_0
at System.Threading.ThreadHelper.ThreadStart_Context
at System.Threading.ExecutionContext.RunInternal
at System.Threading.ExecutionContext.Run
at System.Threading.ExecutionContext.Run
at System.Threading.ThreadHelper.ThreadStart
<color=#A5C2A5>[2026-09-22 08:55:05.468] [INFO] [RimWorks.RimLogging] [Bootstrap/EarlyInit:28] </color>RimLogging initialized {mod_id=rimworks.rimlogging}
at System.Reflection.RuntimeConstructorInfo.InternalInvoke
at System.Reflection.RuntimeConstructorInfo.InternalInvoke
at System.Reflection.RuntimeConstructorInfo.DoInvoke
at System.Reflection.RuntimeConstructorInfo.Invoke
at System.RuntimeType.CreateInstanceImpl
at System.Activator.CreateInstance
at System.Activator.CreateInstance
at Verse.LoadedModManager.CreateModClasses
at Verse.LoadedModManager.LoadAllActiveMods
at Verse.PlayDataLoader.DoPlayLoad
at Verse.PlayDataLoader.LoadAllPlayData
at Verse.Root+<>c.<Start>b__10_1
at Verse.LongEventHandler.RunEventFromAnotherThread
at Verse.LongEventHandler+<>c.<UpdateCurrentAsynchronousEvent>b__28_0
at System.Threading.ThreadHelper.ThreadStart_Context
at System.Threading.ExecutionContext.RunInternal
at System.Threading.ExecutionContext.Run
at System.Threading.ExecutionContext.Run
at System.Threading.ThreadHelper.ThreadStart
<color=#A5C2A5>[2026-09-22 08:55:05.481] [INFO] [Pickle] [home/runner/work/Rimworld-Pickle/Rimworld-Pickle/Source/Pickle/PickleMod:21] </color>loaded {mod_id=rimworks.pickle}
at RimWorks.Pickle.PickleMod..ctor (home/runner/work/Rimworld-Pickle/Rimworld-Pickle/Source/Pickle/PickleMod:21)
at System.Reflection.RuntimeConstructorInfo.InternalInvoke
at System.Reflection.RuntimeConstructorInfo.InternalInvoke
at System.Reflection.RuntimeConstructorInfo.DoInvoke
at System.Reflection.RuntimeConstructorInfo.Invoke
at System.RuntimeType.CreateInstanceImpl
at System.Activator.CreateInstance
at System.Activator.CreateInstance
at Verse.LoadedModManager.CreateModClasses
at Verse.LoadedModManager.LoadAllActiveMods
at Verse.PlayDataLoader.DoPlayLoad
at Verse.PlayDataLoader.LoadAllPlayData
at Verse.Root+<>c.<Start>b__10_1
at Verse.LongEventHandler.RunEventFromAnotherThread
at Verse.LongEventHandler+<>c.<UpdateCurrentAsynchronousEvent>b__28_0
at System.Threading.ThreadHelper.ThreadStart_Context
at System.Threading.ExecutionContext.RunInternal
at System.Threading.ExecutionContext.Run
at System.Threading.ExecutionContext.Run
at System.Threading.ThreadHelper.ThreadStart
<color=#A5C2A5>[2026-09-22 08:55:05.633] [INFO] [Pickle] [home/runner/work/Rimworld-Pickle/Rimworld-Pickle/Source/Pickle/Patching/PatchBackends:66] </color>early hooks applied via Harmony {mod_id=rimworks.pickle}
at RimWorks.Pickle.Patching.PatchBackends.ApplyEarliest (home/runner/work/Rimworld-Pickle/Rimworld-Pickle/Source/Pickle/Patching/PatchBackends:66)
at RimWorks.Pickle.PickleMod..ctor (home/runner/work/Rimworld-Pickle/Rimworld-Pickle/Source/Pickle/PickleMod:25)
at System.Reflection.RuntimeConstructorInfo.InternalInvoke
at System.Reflection.RuntimeConstructorInfo.InternalInvoke
at System.Reflection.RuntimeConstructorInfo.DoInvoke
at System.Reflection.RuntimeConstructorInfo.Invoke
at System.RuntimeType.CreateInstanceImpl
at System.Activator.CreateInstance
at System.Activator.CreateInstance
at Verse.LoadedModManager.CreateModClasses
at Verse.LoadedModManager.LoadAllActiveMods
at Verse.PlayDataLoader.DoPlayLoad
at Verse.PlayDataLoader.LoadAllPlayData
at Verse.Root+<>c.<Start>b__10_1
at Verse.LongEventHandler.RunEventFromAnotherThread
at Verse.LongEventHandler+<>c.<UpdateCurrentAsynchronousEvent>b__28_0
at System.Threading.ThreadHelper.ThreadStart_Context
at System.Threading.ExecutionContext.RunInternal
at System.Threading.ExecutionContext.Run
at System.Threading.ExecutionContext.Run
at System.Threading.ThreadHelper.ThreadStart
<color=#A5C2A5>[2026-09-22 08:55:05.659] [INFO] [Pickle] [home/runner/work/Rimworld-Pickle/Rimworld-Pickle/Source/Pickle/SuiteScanner:46] </color>suite Pickle: 27 features [bill-steps.feature, construction-steps.feature, debug-menu.feature, def-steps.feature, devmode-steps.feature, dlc-steps.feature, engine-smoke.feature, entry-flow.feature, gear-steps.feature, map-steps.feature, mod-steps.feature, notification-steps.feature, patch-attribution.feature, pawn-steps.feature, save-reload.feature, sim-steps.feature, stat-steps.feature, storyteller-steps.feature, surgery-steps.feature, thought-steps.feature, ui-steps.feature, vanilla-smoke.feature, warning-steps.feature, watch-steps.feature, wip-tag.feature, world-condition-steps.feature, world-steps.feature] 1 fixture(s) 0 steps dll(s) {mod_id=rimworks.pickle}
at RimWorks.Pickle.SuiteScanner.LogSuites (home/runner/work/Rimworld-Pickle/Rimworld-Pickle/Source/Pickle/SuiteScanner:46)
at RimWorks.Pickle.PickleMod..ctor (home/runner/work/Rimworld-Pickle/Rimworld-Pickle/Source/Pickle/PickleMod:28)
at System.Reflection.RuntimeConstructorInfo.InternalInvoke
at System.Reflection.RuntimeConstructorInfo.InternalInvoke
at System.Reflection.RuntimeConstructorInfo.DoInvoke
at System.Reflection.RuntimeConstructorInfo.Invoke
at System.RuntimeType.CreateInstanceImpl
at System.Activator.CreateInstance
at System.Activator.CreateInstance
at Verse.LoadedModManager.CreateModClasses
at Verse.LoadedModManager.LoadAllActiveMods
at Verse.PlayDataLoader.DoPlayLoad
at Verse.PlayDataLoader.LoadAllPlayData
at Verse.Root+<>c.<Start>b__10_1
at Verse.LongEventHandler.RunEventFromAnotherThread
at Verse.LongEventHandler+<>c.<UpdateCurrentAsynchronousEvent>b__28_0
at System.Threading.ThreadHelper.ThreadStart_Context
at System.Threading.ExecutionContext.RunInternal
at System.Threading.ExecutionContext.Run
at System.Threading.ExecutionContext.Run
at System.Threading.ThreadHelper.ThreadStart
<color=#A5C2A5>[2026-09-22 08:55:05.661] [INFO] [Pickle] [home/runner/work/Rimworld-Pickle/Rimworld-Pickle/Source/Pickle/SuiteScanner:46] </color>suite Nelim's Pickle Tools - Screenshot Studio: 0 features [] 0 fixture(s) 1 steps dll(s) {mod_id=rimworks.pickle}
at RimWorks.Pickle.SuiteScanner.LogSuites (home/runner/work/Rimworld-Pickle/Rimworld-Pickle/Source/Pickle/SuiteScanner:46)
at RimWorks.Pickle.PickleMod..ctor (home/runner/work/Rimworld-Pickle/Rimworld-Pickle/Source/Pickle/PickleMod:28)
at System.Reflection.RuntimeConstructorInfo.InternalInvoke
at System.Reflection.RuntimeConstructorInfo.InternalInvoke
at System.Reflection.RuntimeConstructorInfo.DoInvoke
at System.Reflection.RuntimeConstructorInfo.Invoke
at System.RuntimeType.CreateInstanceImpl
at System.Activator.CreateInstance
at System.Activator.CreateInstance
at Verse.LoadedModManager.CreateModClasses
at Verse.LoadedModManager.LoadAllActiveMods
at Verse.PlayDataLoader.DoPlayLoad
at Verse.PlayDataLoader.LoadAllPlayData
at Verse.Root+<>c.<Start>b__10_1
at Verse.LongEventHandler.RunEventFromAnotherThread
at Verse.LongEventHandler+<>c.<UpdateCurrentAsynchronousEvent>b__28_0
at System.Threading.ThreadHelper.ThreadStart_Context
at System.Threading.ExecutionContext.RunInternal
at System.Threading.ExecutionContext.Run
at System.Threading.ExecutionContext.Run
at System.Threading.ThreadHelper.ThreadStart
<color=#A5C2A5>[2026-09-22 08:55:05.662] [INFO] [Pickle] [home/runner/work/Rimworld-Pickle/Rimworld-Pickle/Source/Pickle/SuiteScanner:46] </color>suite Nelim's Pickle Tools - Clear screen: 0 features [] 0 fixture(s) 1 steps dll(s) {mod_id=rimworks.pickle}
at RimWorks.Pickle.SuiteScanner.LogSuites (home/runner/work/Rimworld-Pickle/Rimworld-Pickle/Source/Pickle/SuiteScanner:46)
at RimWorks.Pickle.PickleMod..ctor (home/runner/work/Rimworld-Pickle/Rimworld-Pickle/Source/Pickle/PickleMod:28)
at System.Reflection.RuntimeConstructorInfo.InternalInvoke
at System.Reflection.RuntimeConstructorInfo.InternalInvoke
at System.Reflection.RuntimeConstructorInfo.DoInvoke
at System.Reflection.RuntimeConstructorInfo.Invoke
at System.RuntimeType.CreateInstanceImpl
at System.Activator.CreateInstance
at System.Activator.CreateInstance
at Verse.LoadedModManager.CreateModClasses
at Verse.LoadedModManager.LoadAllActiveMods
at Verse.PlayDataLoader.DoPlayLoad
at Verse.PlayDataLoader.LoadAllPlayData
at Verse.Root+<>c.<Start>b__10_1
at Verse.LongEventHandler.RunEventFromAnotherThread
at Verse.LongEventHandler+<>c.<UpdateCurrentAsynchronousEvent>b__28_0
at System.Threading.ThreadHelper.ThreadStart_Context
at System.Threading.ExecutionContext.RunInternal
at System.Threading.ExecutionContext.Run
at System.Threading.ExecutionContext.Run
at System.Threading.ThreadHelper.ThreadStart
<color=#A5C2A5>[2026-09-22 08:55:05.662] [INFO] [Pickle] [home/runner/work/Rimworld-Pickle/Rimworld-Pickle/Source/Pickle/SuiteScanner:46] </color>suite Nelim's Pickle Tools - Studio checks: 1 feature [flower-meadow-studio.feature] 1 fixture(s) 0 steps dll(s) {mod_id=rimworks.pickle}
at RimWorks.Pickle.SuiteScanner.LogSuites (home/runner/work/Rimworld-Pickle/Rimworld-Pickle/Source/Pickle/SuiteScanner:46)
at RimWorks.Pickle.PickleMod..ctor (home/runner/work/Rimworld-Pickle/Rimworld-Pickle/Source/Pickle/PickleMod:28)
at System.Reflection.RuntimeConstructorInfo.InternalInvoke
at System.Reflection.RuntimeConstructorInfo.InternalInvoke
at System.Reflection.RuntimeConstructorInfo.DoInvoke
at System.Reflection.RuntimeConstructorInfo.Invoke
at System.RuntimeType.CreateInstanceImpl
at System.Activator.CreateInstance
at System.Activator.CreateInstance
at Verse.LoadedModManager.CreateModClasses
at Verse.LoadedModManager.LoadAllActiveMods
at Verse.PlayDataLoader.DoPlayLoad
at Verse.PlayDataLoader.LoadAllPlayData
at Verse.Root+<>c.<Start>b__10_1
at Verse.LongEventHandler.RunEventFromAnotherThread
at Verse.LongEventHandler+<>c.<UpdateCurrentAsynchronousEvent>b__28_0
at System.Threading.ThreadHelper.ThreadStart_Context
at System.Threading.ExecutionContext.RunInternal
at System.Threading.ExecutionContext.Run
at System.Threading.ExecutionContext.Run
at System.Threading.ThreadHelper.ThreadStart
<color=#A5C2A5>[2026-09-22 08:55:05.815] [INFO] [Pickle] [home/runner/work/Rimworld-Pickle/Rimworld-Pickle/Source/Pickle/Web/PickleHttpServer:100] </color>dashboard on http://0.0.0.0:27750/ {mod_id=rimworks.pickle}
at RimWorks.Pickle.Web.PickleHttpServer.Start (home/runner/work/Rimworld-Pickle/Rimworld-Pickle/Source/Pickle/Web/PickleHttpServer:100)
at RimWorks.Pickle.Web.PickleHttpServer.StartUnlessDisabled (home/runner/work/Rimworld-Pickle/Rimworld-Pickle/Source/Pickle/Web/PickleHttpServer:80)
at RimWorks.Pickle.PickleMod..ctor (home/runner/work/Rimworld-Pickle/Rimworld-Pickle/Source/Pickle/PickleMod:30)
at System.Reflection.RuntimeConstructorInfo.InternalInvoke
at System.Reflection.RuntimeConstructorInfo.InternalInvoke
at System.Reflection.RuntimeConstructorInfo.DoInvoke
at System.Reflection.RuntimeConstructorInfo.Invoke
at System.RuntimeType.CreateInstanceImpl
at System.Activator.CreateInstance
at System.Activator.CreateInstance
at Verse.LoadedModManager.CreateModClasses
at Verse.LoadedModManager.LoadAllActiveMods
at Verse.PlayDataLoader.DoPlayLoad
at Verse.PlayDataLoader.LoadAllPlayData
at Verse.Root+<>c.<Start>b__10_1
at Verse.LongEventHandler.RunEventFromAnotherThread
at Verse.LongEventHandler+<>c.<UpdateCurrentAsynchronousEvent>b__28_0
at System.Threading.ThreadHelper.ThreadStart_Context
at System.Threading.ExecutionContext.RunInternal
at System.Threading.ExecutionContext.Run
at System.Threading.ExecutionContext.Run
at System.Threading.ThreadHelper.ThreadStart
<color=#B2B2B2>[2026-09-22 08:55:19.752] [ERROR] [Vanilla] </color>Mod Nelim's Pickle Tools - Screenshot Studio did not load any content. Following load folders were used:
  - /home/nelim/rimworld/Mods/local-nelim.pickletools.screenshotstudio
at Verse.LoadedModManager+<>c.<LoadModContent>b__13_1
at Verse.LongEventHandler.ExecuteToExecuteWhenFinished
at Verse.LongEventHandler.UpdateCurrentAsynchronousEvent
at Verse.LongEventHandler.LongEventsUpdate
at Verse.Root.Update
at Verse.Root_Entry.Update
<color=#B2B2B2>[2026-09-22 08:55:19.753] [ERROR] [Vanilla] </color>Mod Nelim's Pickle Tools - Clear screen did not load any content. Following load folders were used:
  - /home/nelim/rimworld/Mods/local-nelim.pickletools.clearscreen
at Verse.LoadedModManager+<>c.<LoadModContent>b__13_1
at Verse.LongEventHandler.ExecuteToExecuteWhenFinished
at Verse.LongEventHandler.UpdateCurrentAsynchronousEvent
at Verse.LongEventHandler.LongEventsUpdate
at Verse.Root.Update
at Verse.Root_Entry.Update
<color=#B2B2B2>[2026-09-22 08:55:19.753] [ERROR] [Vanilla] </color>Mod Nelim's Pickle Tools did not load any content. Following load folders were used:
  - /home/nelim/rimworld/Mods/PickleTools
at Verse.LoadedModManager+<>c.<LoadModContent>b__13_1
at Verse.LongEventHandler.ExecuteToExecuteWhenFinished
at Verse.LongEventHandler.UpdateCurrentAsynchronousEvent
at Verse.LongEventHandler.LongEventsUpdate
at Verse.Root.Update
at Verse.Root_Entry.Update
<color=#B2B2B2>[2026-09-22 08:55:19.753] [ERROR] [Vanilla] </color>Mod Nelim's Pickle Tools - Studio checks did not load any content. Following load folders were used:
  - /home/nelim/rimworld/Mods/PickleToolsPickleTests
at Verse.LoadedModManager+<>c.<LoadModContent>b__13_1
at Verse.LongEventHandler.ExecuteToExecuteWhenFinished
at Verse.LongEventHandler.UpdateCurrentAsynchronousEvent
at Verse.LongEventHandler.LongEventsUpdate
at Verse.Root.Update
at Verse.Root_Entry.Update
<color=#A5C2A5>[2026-09-22 08:55:19.794] [INFO] [Pickle] [home/runner/work/Rimworld-Pickle/Rimworld-Pickle/Source/Pickle/Patching/PatchBackends:102] </color>patched via Harmony {mod_id=rimworks.pickle}
at RimWorks.Pickle.Patching.PatchBackends.ApplyBest (home/runner/work/Rimworld-Pickle/Rimworld-Pickle/Source/Pickle/Patching/PatchBackends:102)
at Verse.LongEventHandler.ExecuteToExecuteWhenFinished
at Verse.LongEventHandler.UpdateCurrentAsynchronousEvent
at Verse.LongEventHandler.LongEventsUpdate
at Verse.Root.Update
at Verse.Root_Entry.Update
<color=#A5C2A5>[2026-09-22 08:55:24.678] [INFO] [RimWorks.RimLogging] [Viewer/LogViewerBoot:35] </color>Log viewer sink registered {mod_id=rimworks.rimlogging}
at System.Runtime.CompilerServices.RuntimeHelpers.RunClassConstructor
at System.Runtime.CompilerServices.RuntimeHelpers.RunClassConstructor
at Verse.StaticConstructorOnStartupUtility.CallAll
at Verse.PlayDataLoader+<>c.<DoPlayLoad>b__4_4
at Verse.LongEventHandler.ExecuteToExecuteWhenFinished
at Verse.LongEventHandler.UpdateCurrentAsynchronousEvent
at Verse.LongEventHandler.LongEventsUpdate
at Verse.Root.Update
at Verse.Root_Entry.Update
Unloading 5 Unused Serialized files (Serialized files now loaded: 5)
Unloading 97 unused Assets to reduce memory usage. Loaded Objects now: 26650.
Total: 352.396864 ms (FindLiveObjects: 21.219419 ms CreateObjectMapping: 2.999594 ms MarkObjects: 325.865649 ms  DeleteObjects: 2.310628 ms)

<color=#A5C2A5>[2026-09-22 08:55:28.791] [INFO] [Pickle] [home/runner/work/Rimworld-Pickle/Rimworld-Pickle/Source/Pickle/Autorun/AutorunBootstrap:82] </color>autorun report dir = /mnt/c/Users/nelim/Documents/rimworld/pickle-reports {mod_id=rimworks.pickle}
at RimWorks.Pickle.Autorun.AutorunBootstrap+<RunAutorun>d__4.MoveNext (home/runner/work/Rimworld-Pickle/Rimworld-Pickle/Source/Pickle/Autorun/AutorunBootstrap:82)
at System.Runtime.CompilerServices.AsyncTaskMethodBuilder.Start
at RimWorks.Pickle.Autorun.AutorunBootstrap.RunAutorun
at RimWorks.Pickle.Autorun.AutorunBootstrap+<>c__DisplayClass2_0.<.cctor>b__0 (home/runner/work/Rimworld-Pickle/Rimworld-Pickle/Source/Pickle/Autorun/AutorunBootstrap:47)
at Verse.LongEventHandler.RunEventFromAnotherThread
at Verse.LongEventHandler+<>c.<UpdateCurrentAsynchronousEvent>b__28_0
at System.Threading.ThreadHelper.ThreadStart_Context
at System.Threading.ExecutionContext.RunInternal
at System.Threading.ExecutionContext.Run
at System.Threading.ExecutionContext.Run
at System.Threading.ThreadHelper.ThreadStart
<color=#A5C2A5>[2026-09-22 08:55:28.792] [INFO] [Pickle] [home/runner/work/Rimworld-Pickle/Rimworld-Pickle/Source/Pickle/Autorun/AutorunBootstrap:83] </color>autorun seed = 42 {mod_id=rimworks.pickle}
at RimWorks.Pickle.Autorun.AutorunBootstrap+<RunAutorun>d__4.MoveNext (home/runner/work/Rimworld-Pickle/Rimworld-Pickle/Source/Pickle/Autorun/AutorunBootstrap:83)
at System.Runtime.CompilerServices.AsyncTaskMethodBuilder.Start
at RimWorks.Pickle.Autorun.AutorunBootstrap.RunAutorun
at RimWorks.Pickle.Autorun.AutorunBootstrap+<>c__DisplayClass2_0.<.cctor>b__0 (home/runner/work/Rimworld-Pickle/Rimworld-Pickle/Source/Pickle/Autorun/AutorunBootstrap:47)
at Verse.LongEventHandler.RunEventFromAnotherThread
at Verse.LongEventHandler+<>c.<UpdateCurrentAsynchronousEvent>b__28_0
at System.Threading.ThreadHelper.ThreadStart_Context
at System.Threading.ExecutionContext.RunInternal
at System.Threading.ExecutionContext.Run
at System.Threading.ExecutionContext.Run
at System.Threading.ThreadHelper.ThreadStart
<color=#A5C2A5>[2026-09-22 08:55:28.792] [INFO] [Pickle] [home/runner/work/Rimworld-Pickle/Rimworld-Pickle/Source/Pickle/Autorun/AutorunBootstrap:84] </color>autorun retries = 0 {mod_id=rimworks.pickle}
at RimWorks.Pickle.Autorun.AutorunBootstrap+<RunAutorun>d__4.MoveNext (home/runner/work/Rimworld-Pickle/Rimworld-Pickle/Source/Pickle/Autorun/AutorunBootstrap:84)
at System.Runtime.CompilerServices.AsyncTaskMethodBuilder.Start
at RimWorks.Pickle.Autorun.AutorunBootstrap.RunAutorun
at RimWorks.Pickle.Autorun.AutorunBootstrap+<>c__DisplayClass2_0.<.cctor>b__0 (home/runner/work/Rimworld-Pickle/Rimworld-Pickle/Source/Pickle/Autorun/AutorunBootstrap:47)
at Verse.LongEventHandler.RunEventFromAnotherThread
at Verse.LongEventHandler+<>c.<UpdateCurrentAsynchronousEvent>b__28_0
at System.Threading.ThreadHelper.ThreadStart_Context
at System.Threading.ExecutionContext.RunInternal
at System.Threading.ExecutionContext.Run
at System.Threading.ExecutionContext.Run
at System.Threading.ThreadHelper.ThreadStart
Unloading 3 Unused Serialized files (Serialized files now loaded: 5)
[PhysX] Initialized MultithreadedTaskDispatcher with 16 workers.
UnloadTime: 13.702815 ms
requesting resize 1920 x 1080
resizing window to 1920 x 1080
Desktop is 1920 x 1080 @ 0 Hz
Unloading 2 unused Assets to reduce memory usage. Loaded Objects now: 26691.
Total: 194.524841 ms (FindLiveObjects: 1.652812 ms CreateObjectMapping: 1.289363 ms MarkObjects: 191.512412 ms  DeleteObjects: 0.069091 ms)

<color=#B2B2B2>[2026-09-22 08:55:30.338] [INFO] [Vanilla] </color>Loading game from file __pickle_fixture with mods:
  - brrainz.harmony
  - Ludeon.RimWorld
  - Ludeon.RimWorld.Royalty
  - Ludeon.RimWorld.Ideology
  - Ludeon.RimWorld.Biotech
  - Ludeon.RimWorld.Anomaly
  - Ludeon.RimWorld.Odyssey
  - RimWorks.RimLogging
  - rimworks.pickle
  - nelim.pickletools.screenshotstudio
  - nelim.pickletools.clearscreen
  - nelim.pickletools
  - nelim.pickletools.studiotests
at Verse.SavedGameLoaderNow.LoadGameFromSaveFileNow
at Verse.Root_Play+<>c.<Start>b__1_1
at Verse.LongEventHandler.RunEventFromAnotherThread
at Verse.LongEventHandler+<>c.<UpdateCurrentAsynchronousEvent>b__28_0
at System.Threading.ThreadHelper.ThreadStart_Context
at System.Threading.ExecutionContext.RunInternal
at System.Threading.ExecutionContext.Run
at System.Threading.ExecutionContext.Run
at System.Threading.ThreadHelper.ThreadStart
<color=#B2B2B2>[2026-09-22 08:55:30.499] [WARN] [Vanilla] </color>Loaded file (Map) is from version 1.6.4633 rev1257, we are running version 1.6.4871 rev600.
at Verse.ScribeMetaHeaderUtility.LoadGameDataHeader
at Verse.SavedGameLoaderNow.LoadGameFromSaveFileNow
at Verse.Root_Play+<>c.<Start>b__1_1
at Verse.LongEventHandler.RunEventFromAnotherThread
at Verse.LongEventHandler+<>c.<UpdateCurrentAsynchronousEvent>b__28_0
at System.Threading.ThreadHelper.ThreadStart_Context
at System.Threading.ExecutionContext.RunInternal
at System.Threading.ExecutionContext.Run
at System.Threading.ExecutionContext.Run
at System.Threading.ThreadHelper.ThreadStart
<color=#B2B2B2>[2026-09-22 08:55:34.469] [WARN] [Vanilla] </color>Could not resolve reference to object with loadID Thing_VoidMonolith36548 of type Verse.Thing. Was it compressed away, destroyed, had no ID number, or not saved/loaded right? curParent=Verse.LookTargets curPathRelToParent=/targets/0
at Verse.LoadedObjectDirectory.ObjectWithLoadID
at Verse.CrossRefHandler.TakeResolvedRef
at Verse.CrossRefHandler.TakeResolvedRef
at Verse.ScribeExtractor.ResolveGlobalTargetInfo
at Verse.Scribe_Collections.Look
at Verse.Scribe_Collections.Look
at Verse.Scribe_Collections.Look
at Verse.LookTargets.ExposeData
at Verse.CrossRefHandler.ResolveAllCrossReferences
at Verse.ScribeLoader.FinalizeLoading
at Verse.Game.LoadGame
at Verse.SavedGameLoaderNow.LoadGameFromSaveFileNow
at Verse.Root_Play+<>c.<Start>b__1_1
at Verse.LongEventHandler.RunEventFromAnotherThread
at Verse.LongEventHandler+<>c.<UpdateCurrentAsynchronousEvent>b__28_0
at System.Threading.ThreadHelper.ThreadStart_Context
at System.Threading.ExecutionContext.RunInternal
at System.Threading.ExecutionContext.Run
at System.Threading.ExecutionContext.Run
at System.Threading.ThreadHelper.ThreadStart
<color=#B2B2B2>[2026-09-22 08:55:34.471] [WARN] [Vanilla] </color>Could not resolve reference to object with loadID Thing_VoidMonolith36548 of type RimWorld.Building_VoidMonolith. Was it compressed away, destroyed, had no ID number, or not saved/loaded right? curParent=RimWorld.GameComponent_Anomaly curPathRelToParent=
at Verse.LoadedObjectDirectory.ObjectWithLoadID
at Verse.CrossRefHandler.TakeResolvedRef
at Verse.CrossRefHandler.TakeResolvedRef
at Verse.Scribe_References.Look
at RimWorld.GameComponent_Anomaly.ExposeData
at Verse.CrossRefHandler.ResolveAllCrossReferences
at Verse.ScribeLoader.FinalizeLoading
at Verse.Game.LoadGame
at Verse.SavedGameLoaderNow.LoadGameFromSaveFileNow
at Verse.Root_Play+<>c.<Start>b__1_1
at Verse.LongEventHandler.RunEventFromAnotherThread
at Verse.LongEventHandler+<>c.<UpdateCurrentAsynchronousEvent>b__28_0
at System.Threading.ThreadHelper.ThreadStart_Context
at System.Threading.ExecutionContext.RunInternal
at System.Threading.ExecutionContext.Run
at System.Threading.ExecutionContext.Run
at System.Threading.ThreadHelper.ThreadStart
<color=#B2B2B2>[2026-09-22 08:55:34.499] [WARN] [Vanilla] </color>Could not resolve reference to object with loadID Thing_Human34683 of type Verse.Pawn. Was it compressed away, destroyed, had no ID number, or not saved/loaded right? curParent=RimWorld.DirectPawnRelation curPathRelToParent=
at Verse.LoadedObjectDirectory.ObjectWithLoadID
at Verse.CrossRefHandler.TakeResolvedRef
at Verse.CrossRefHandler.TakeResolvedRef
at Verse.Scribe_References.Look
at RimWorld.DirectPawnRelation.ExposeData
at Verse.CrossRefHandler.ResolveAllCrossReferences
at Verse.ScribeLoader.FinalizeLoading
at Verse.Game.LoadGame
at Verse.SavedGameLoaderNow.LoadGameFromSaveFileNow
at Verse.Root_Play+<>c.<Start>b__1_1
at Verse.LongEventHandler.RunEventFromAnotherThread
at Verse.LongEventHandler+<>c.<UpdateCurrentAsynchronousEvent>b__28_0
at System.Threading.ThreadHelper.ThreadStart_Context
at System.Threading.ExecutionContext.RunInternal
at System.Threading.ExecutionContext.Run
at System.Threading.ExecutionContext.Run
at System.Threading.ThreadHelper.ThreadStart
<color=#B2B2B2>[2026-09-22 08:55:34.508] [WARN] [Vanilla] </color>Could not resolve reference to object with loadID Thing_Steel34850 of type Verse.Thing. Was it compressed away, destroyed, had no ID number, or not saved/loaded right? curParent=Larson:HaulToCell (Job_4613) B = (131, 0, 158), null, null, 1, -1 curPathRelToParent=/target
at Verse.LoadedObjectDirectory.ObjectWithLoadID
at Verse.CrossRefHandler.TakeResolvedRef
at Verse.CrossRefHandler.TakeResolvedRef
at Verse.ScribeExtractor.ResolveLocalTargetInfo
at Verse.Scribe_TargetInfo.Look
at Verse.Scribe_TargetInfo.Look
at Verse.AI.ReservationManager+Reservation.ExposeData
at Verse.CrossRefHandler.ResolveAllCrossReferences
at Verse.ScribeLoader.FinalizeLoading
at Verse.Game.LoadGame
at Verse.SavedGameLoaderNow.LoadGameFromSaveFileNow
at Verse.Root_Play+<>c.<Start>b__1_1
at Verse.LongEventHandler.RunEventFromAnotherThread
at Verse.LongEventHandler+<>c.<UpdateCurrentAsynchronousEvent>b__28_0
at System.Threading.ThreadHelper.ThreadStart_Context
at System.Threading.ExecutionContext.RunInternal
at System.Threading.ExecutionContext.Run
at System.Threading.ExecutionContext.Run
at System.Threading.ThreadHelper.ThreadStart
<color=#B2B2B2>[2026-09-22 08:55:34.512] [WARN] [Vanilla] </color>Could not resolve reference to object with loadID Thing_Hive36467 of type RimWorld.Hive. Was it compressed away, destroyed, had no ID number, or not saved/loaded right? curParent=RimWorld.LordToil_HiveRelatedData curPathRelToParent=/assignedHives/values
at Verse.LoadedObjectDirectory.ObjectWithLoadID
at Verse.CrossRefHandler.TakeResolvedRefList
at Verse.CrossRefHandler.TakeResolvedRefList
at Verse.Scribe_Collections.Look
at Verse.Scribe_Collections.Look
at Verse.Scribe_Collections.Look
at Verse.Scribe_Collections.Look
at RimWorld.LordToil_HiveRelatedData.ExposeData
at Verse.CrossRefHandler.ResolveAllCrossReferences
at Verse.ScribeLoader.FinalizeLoading
at Verse.Game.LoadGame
at Verse.SavedGameLoaderNow.LoadGameFromSaveFileNow
at Verse.Root_Play+<>c.<Start>b__1_1
at Verse.LongEventHandler.RunEventFromAnotherThread
at Verse.LongEventHandler+<>c.<UpdateCurrentAsynchronousEvent>b__28_0
at System.Threading.ThreadHelper.ThreadStart_Context
at System.Threading.ExecutionContext.RunInternal
at System.Threading.ExecutionContext.Run
at System.Threading.ExecutionContext.Run
at System.Threading.ThreadHelper.ThreadStart
<color=#B2B2B2>[2026-09-22 08:55:34.515] [WARN] [Vanilla] </color>Could not resolve reference to object with loadID Thing_Hive36467 of type RimWorld.Hive. Was it compressed away, destroyed, had no ID number, or not saved/loaded right? curParent=RimWorld.LordToil_HiveRelatedData curPathRelToParent=/assignedHives/values
at Verse.LoadedObjectDirectory.ObjectWithLoadID
at Verse.CrossRefHandler.TakeResolvedRefList
at Verse.CrossRefHandler.TakeResolvedRefList
at Verse.Scribe_Collections.Look
at Verse.Scribe_Collections.Look
at Verse.Scribe_Collections.Look
at Verse.Scribe_Collections.Look
at RimWorld.LordToil_HiveRelatedData.ExposeData
at Verse.CrossRefHandler.ResolveAllCrossReferences
at Verse.ScribeLoader.FinalizeLoading
at Verse.Game.LoadGame
at Verse.SavedGameLoaderNow.LoadGameFromSaveFileNow
at Verse.Root_Play+<>c.<Start>b__1_1
at Verse.LongEventHandler.RunEventFromAnotherThread
at Verse.LongEventHandler+<>c.<UpdateCurrentAsynchronousEvent>b__28_0
at System.Threading.ThreadHelper.ThreadStart_Context
at System.Threading.ExecutionContext.RunInternal
at System.Threading.ExecutionContext.Run
at System.Threading.ExecutionContext.Run
at System.Threading.ThreadHelper.ThreadStart
<color=#B2B2B2>[2026-09-22 08:55:34.519] [WARN] [Vanilla] </color>Could not resolve reference to object with loadID Thing_Hive36467 of type RimWorld.Hive. Was it compressed away, destroyed, had no ID number, or not saved/loaded right? curParent=RimWorld.LordToil_HiveRelatedData curPathRelToParent=/assignedHives/values
at Verse.LoadedObjectDirectory.ObjectWithLoadID
at Verse.CrossRefHandler.TakeResolvedRefList
at Verse.CrossRefHandler.TakeResolvedRefList
at Verse.Scribe_Collections.Look
at Verse.Scribe_Collections.Look
at Verse.Scribe_Collections.Look
at Verse.Scribe_Collections.Look
at RimWorld.LordToil_HiveRelatedData.ExposeData
at Verse.CrossRefHandler.ResolveAllCrossReferences
at Verse.ScribeLoader.FinalizeLoading
at Verse.Game.LoadGame
at Verse.SavedGameLoaderNow.LoadGameFromSaveFileNow
at Verse.Root_Play+<>c.<Start>b__1_1
at Verse.LongEventHandler.RunEventFromAnotherThread
at Verse.LongEventHandler+<>c.<UpdateCurrentAsynchronousEvent>b__28_0
at System.Threading.ThreadHelper.ThreadStart_Context
at System.Threading.ExecutionContext.RunInternal
at System.Threading.ExecutionContext.Run
at System.Threading.ExecutionContext.Run
at System.Threading.ThreadHelper.ThreadStart
<color=#B2B2B2>[2026-09-22 08:55:34.522] [WARN] [Vanilla] </color>Could not resolve reference to object with loadID Thing_Hive36467 of type RimWorld.Hive. Was it compressed away, destroyed, had no ID number, or not saved/loaded right? curParent=RimWorld.LordToil_HiveRelatedData curPathRelToParent=/assignedHives/values
at Verse.LoadedObjectDirectory.ObjectWithLoadID
at Verse.CrossRefHandler.TakeResolvedRefList
at Verse.CrossRefHandler.TakeResolvedRefList
at Verse.Scribe_Collections.Look
at Verse.Scribe_Collections.Look
at Verse.Scribe_Collections.Look
at Verse.Scribe_Collections.Look
at RimWorld.LordToil_HiveRelatedData.ExposeData
at Verse.CrossRefHandler.ResolveAllCrossReferences
at Verse.ScribeLoader.FinalizeLoading
at Verse.Game.LoadGame
at Verse.SavedGameLoaderNow.LoadGameFromSaveFileNow
at Verse.Root_Play+<>c.<Start>b__1_1
at Verse.LongEventHandler.RunEventFromAnotherThread
at Verse.LongEventHandler+<>c.<UpdateCurrentAsynchronousEvent>b__28_0
at System.Threading.ThreadHelper.ThreadStart_Context
at System.Threading.ExecutionContext.RunInternal
at System.Threading.ExecutionContext.Run
at System.Threading.ExecutionContext.Run
at System.Threading.ThreadHelper.ThreadStart
<color=#B2B2B2>[2026-09-22 08:55:34.524] [WARN] [Vanilla] </color>Could not resolve reference to object with loadID Thing_Hive36467 of type RimWorld.Hive. Was it compressed away, destroyed, had no ID number, or not saved/loaded right? curParent=RimWorld.LordToil_HiveRelatedData curPathRelToParent=/assignedHives/values
at Verse.LoadedObjectDirectory.ObjectWithLoadID
at Verse.CrossRefHandler.TakeResolvedRefList
at Verse.CrossRefHandler.TakeResolvedRefList
at Verse.Scribe_Collections.Look
at Verse.Scribe_Collections.Look
at Verse.Scribe_Collections.Look
at Verse.Scribe_Collections.Look
at RimWorld.LordToil_HiveRelatedData.ExposeData
at Verse.CrossRefHandler.ResolveAllCrossReferences
at Verse.ScribeLoader.FinalizeLoading
at Verse.Game.LoadGame
at Verse.SavedGameLoaderNow.LoadGameFromSaveFileNow
at Verse.Root_Play+<>c.<Start>b__1_1
at Verse.LongEventHandler.RunEventFromAnotherThread
at Verse.LongEventHandler+<>c.<UpdateCurrentAsynchronousEvent>b__28_0
at System.Threading.ThreadHelper.ThreadStart_Context
at System.Threading.ExecutionContext.RunInternal
at System.Threading.ExecutionContext.Run
at System.Threading.ExecutionContext.Run
at System.Threading.ThreadHelper.ThreadStart
<color=#B2B2B2>[2026-09-22 08:55:34.526] [WARN] [Vanilla] </color>Could not resolve reference to object with loadID Thing_Hive36467 of type RimWorld.Hive. Was it compressed away, destroyed, had no ID number, or not saved/loaded right? curParent=RimWorld.LordToil_HiveRelatedData curPathRelToParent=/assignedHives/values
at Verse.LoadedObjectDirectory.ObjectWithLoadID
at Verse.CrossRefHandler.TakeResolvedRefList
at Verse.CrossRefHandler.TakeResolvedRefList
at Verse.Scribe_Collections.Look
at Verse.Scribe_Collections.Look
at Verse.Scribe_Collections.Look
at Verse.Scribe_Collections.Look
at RimWorld.LordToil_HiveRelatedData.ExposeData
at Verse.CrossRefHandler.ResolveAllCrossReferences
at Verse.ScribeLoader.FinalizeLoading
at Verse.Game.LoadGame
at Verse.SavedGameLoaderNow.LoadGameFromSaveFileNow
at Verse.Root_Play+<>c.<Start>b__1_1
at Verse.LongEventHandler.RunEventFromAnotherThread
at Verse.LongEventHandler+<>c.<UpdateCurrentAsynchronousEvent>b__28_0
at System.Threading.ThreadHelper.ThreadStart_Context
at System.Threading.ExecutionContext.RunInternal
at System.Threading.ExecutionContext.Run
at System.Threading.ExecutionContext.Run
at System.Threading.ThreadHelper.ThreadStart
<color=#B2B2B2>[2026-09-22 08:55:34.540] [WARN] [Vanilla] </color>Could not resolve reference to object with loadID Thing_Bed36729 of type RimWorld.Building_Bed. Was it compressed away, destroyed, had no ID number, or not saved/loaded right? curParent=RimWorld.Pawn_Ownership curPathRelToParent=
at Verse.LoadedObjectDirectory.ObjectWithLoadID
at Verse.CrossRefHandler.TakeResolvedRef
at Verse.CrossRefHandler.TakeResolvedRef
at Verse.Scribe_References.Look
at RimWorld.Pawn_Ownership.ExposeData
at Verse.CrossRefHandler.ResolveAllCrossReferences
at Verse.ScribeLoader.FinalizeLoading
at Verse.Game.LoadGame
at Verse.SavedGameLoaderNow.LoadGameFromSaveFileNow
at Verse.Root_Play+<>c.<Start>b__1_1
at Verse.LongEventHandler.RunEventFromAnotherThread
at Verse.LongEventHandler+<>c.<UpdateCurrentAsynchronousEvent>b__28_0
at System.Threading.ThreadHelper.ThreadStart_Context
at System.Threading.ExecutionContext.RunInternal
at System.Threading.ExecutionContext.Run
at System.Threading.ExecutionContext.Run
at System.Threading.ThreadHelper.ThreadStart
<color=#B2B2B2>[2026-09-22 08:55:34.542] [WARN] [Vanilla] </color>Could not resolve reference to object with loadID Thing_Steel34850 of type Verse.Thing. Was it compressed away, destroyed, had no ID number, or not saved/loaded right? curParent=HaulToCell (Job_4613) B = (131, 0, 158) curPathRelToParent=/targetA
at Verse.LoadedObjectDirectory.ObjectWithLoadID
at Verse.CrossRefHandler.TakeResolvedRef
at Verse.CrossRefHandler.TakeResolvedRef
at Verse.ScribeExtractor.ResolveLocalTargetInfo
at Verse.Scribe_TargetInfo.Look
at Verse.Scribe_TargetInfo.Look
at Verse.AI.Job.ExposeData
at Verse.CrossRefHandler.ResolveAllCrossReferences
at Verse.ScribeLoader.FinalizeLoading
at Verse.Game.LoadGame
at Verse.SavedGameLoaderNow.LoadGameFromSaveFileNow
at Verse.Root_Play+<>c.<Start>b__1_1
at Verse.LongEventHandler.RunEventFromAnotherThread
at Verse.LongEventHandler+<>c.<UpdateCurrentAsynchronousEvent>b__28_0
at System.Threading.ThreadHelper.ThreadStart_Context
at System.Threading.ExecutionContext.RunInternal
at System.Threading.ExecutionContext.Run
at System.Threading.ExecutionContext.Run
at System.Threading.ThreadHelper.ThreadStart
<color=#B2B2B2>[2026-09-22 08:55:34.543] [WARN] [Vanilla] </color>Could not resolve reference to object with loadID Thing_Steel34850 of type Verse.Thing. Was it compressed away, destroyed, had no ID number, or not saved/loaded right? curParent=Verse.AI.Pawn_PathFollower curPathRelToParent=/destination
at Verse.LoadedObjectDirectory.ObjectWithLoadID
at Verse.CrossRefHandler.TakeResolvedRef
at Verse.CrossRefHandler.TakeResolvedRef
at Verse.ScribeExtractor.ResolveLocalTargetInfo
at Verse.Scribe_TargetInfo.Look
at Verse.Scribe_TargetInfo.Look
at Verse.AI.Pawn_PathFollower.ExposeData
at Verse.CrossRefHandler.ResolveAllCrossReferences
at Verse.ScribeLoader.FinalizeLoading
at Verse.Game.LoadGame
at Verse.SavedGameLoaderNow.LoadGameFromSaveFileNow
at Verse.Root_Play+<>c.<Start>b__1_1
at Verse.LongEventHandler.RunEventFromAnotherThread
at Verse.LongEventHandler+<>c.<UpdateCurrentAsynchronousEvent>b__28_0
at System.Threading.ThreadHelper.ThreadStart_Context
at System.Threading.ExecutionContext.RunInternal
at System.Threading.ExecutionContext.Run
at System.Threading.ExecutionContext.Run
at System.Threading.ThreadHelper.ThreadStart
<color=#B2B2B2>[2026-09-22 08:55:34.546] [WARN] [Vanilla] </color>Could not resolve reference to object with loadID Thing_Bed36728 of type RimWorld.Building_Bed. Was it compressed away, destroyed, had no ID number, or not saved/loaded right? curParent=RimWorld.Pawn_Ownership curPathRelToParent=
at Verse.LoadedObjectDirectory.ObjectWithLoadID
at Verse.CrossRefHandler.TakeResolvedRef
at Verse.CrossRefHandler.TakeResolvedRef
at Verse.Scribe_References.Look
at RimWorld.Pawn_Ownership.ExposeData
at Verse.CrossRefHandler.ResolveAllCrossReferences
at Verse.ScribeLoader.FinalizeLoading
at Verse.Game.LoadGame
at Verse.SavedGameLoaderNow.LoadGameFromSaveFileNow
at Verse.Root_Play+<>c.<Start>b__1_1
at Verse.LongEventHandler.RunEventFromAnotherThread
at Verse.LongEventHandler+<>c.<UpdateCurrentAsynchronousEvent>b__28_0
at System.Threading.ThreadHelper.ThreadStart_Context
at System.Threading.ExecutionContext.RunInternal
at System.Threading.ExecutionContext.Run
at System.Threading.ExecutionContext.Run
at System.Threading.ThreadHelper.ThreadStart
<color=#B2B2B2>[2026-09-22 08:55:34.552] [WARN] [Vanilla] </color>Could not resolve reference to object with loadID Thing_Bed36730 of type RimWorld.Building_Bed. Was it compressed away, destroyed, had no ID number, or not saved/loaded right? curParent=RimWorld.Pawn_Ownership curPathRelToParent=
at Verse.LoadedObjectDirectory.ObjectWithLoadID
at Verse.CrossRefHandler.TakeResolvedRef
at Verse.CrossRefHandler.TakeResolvedRef
at Verse.Scribe_References.Look
at RimWorld.Pawn_Ownership.ExposeData
at Verse.CrossRefHandler.ResolveAllCrossReferences
at Verse.ScribeLoader.FinalizeLoading
at Verse.Game.LoadGame
at Verse.SavedGameLoaderNow.LoadGameFromSaveFileNow
at Verse.Root_Play+<>c.<Start>b__1_1
at Verse.LongEventHandler.RunEventFromAnotherThread
at Verse.LongEventHandler+<>c.<UpdateCurrentAsynchronousEvent>b__28_0
at System.Threading.ThreadHelper.ThreadStart_Context
at System.Threading.ExecutionContext.RunInternal
at System.Threading.ExecutionContext.Run
at System.Threading.ExecutionContext.Run
at System.Threading.ThreadHelper.ThreadStart
<color=#B2B2B2>[2026-09-22 08:55:34.566] [WARN] [Vanilla] </color>Could not resolve reference to object with loadID Thing_Hive36467 of type Verse.Thing. Was it compressed away, destroyed, had no ID number, or not saved/loaded right? curParent=(DefendAndExpandHive , rad=10.00) curPathRelToParent=/focus
at Verse.LoadedObjectDirectory.ObjectWithLoadID
at Verse.CrossRefHandler.TakeResolvedRef
at Verse.CrossRefHandler.TakeResolvedRef
at Verse.ScribeExtractor.ResolveLocalTargetInfo
at Verse.Scribe_TargetInfo.Look
at Verse.AI.PawnDuty.ExposeData
at Verse.CrossRefHandler.ResolveAllCrossReferences
at Verse.ScribeLoader.FinalizeLoading
at Verse.Game.LoadGame
at Verse.SavedGameLoaderNow.LoadGameFromSaveFileNow
at Verse.Root_Play+<>c.<Start>b__1_1
at Verse.LongEventHandler.RunEventFromAnotherThread
at Verse.LongEventHandler+<>c.<UpdateCurrentAsynchronousEvent>b__28_0
at System.Threading.ThreadHelper.ThreadStart_Context
at System.Threading.ExecutionContext.RunInternal
at System.Threading.ExecutionContext.Run
at System.Threading.ExecutionContext.Run
at System.Threading.ThreadHelper.ThreadStart
<color=#B2B2B2>[2026-09-22 08:55:34.568] [WARN] [Vanilla] </color>Could not resolve reference to object with loadID Thing_Hive36467 of type Verse.Thing. Was it compressed away, destroyed, had no ID number, or not saved/loaded right? curParent=(DefendAndExpandHive , rad=10.00) curPathRelToParent=/focus
at Verse.LoadedObjectDirectory.ObjectWithLoadID
at Verse.CrossRefHandler.TakeResolvedRef
at Verse.CrossRefHandler.TakeResolvedRef
at Verse.ScribeExtractor.ResolveLocalTargetInfo
at Verse.Scribe_TargetInfo.Look
at Verse.AI.PawnDuty.ExposeData
at Verse.CrossRefHandler.ResolveAllCrossReferences
at Verse.ScribeLoader.FinalizeLoading
at Verse.Game.LoadGame
at Verse.SavedGameLoaderNow.LoadGameFromSaveFileNow
at Verse.Root_Play+<>c.<Start>b__1_1
at Verse.LongEventHandler.RunEventFromAnotherThread
at Verse.LongEventHandler+<>c.<UpdateCurrentAsynchronousEvent>b__28_0
at System.Threading.ThreadHelper.ThreadStart_Context
at System.Threading.ExecutionContext.RunInternal
at System.Threading.ExecutionContext.Run
at System.Threading.ExecutionContext.Run
at System.Threading.ThreadHelper.ThreadStart
<color=#B2B2B2>[2026-09-22 08:55:34.570] [WARN] [Vanilla] </color>Could not resolve reference to object with loadID Thing_Hive36467 of type Verse.Thing. Was it compressed away, destroyed, had no ID number, or not saved/loaded right? curParent=(DefendAndExpandHive , rad=10.00) curPathRelToParent=/focus
at Verse.LoadedObjectDirectory.ObjectWithLoadID
at Verse.CrossRefHandler.TakeResolvedRef
at Verse.CrossRefHandler.TakeResolvedRef
at Verse.ScribeExtractor.ResolveLocalTargetInfo
at Verse.Scribe_TargetInfo.Look
at Verse.AI.PawnDuty.ExposeData
at Verse.CrossRefHandler.ResolveAllCrossReferences
at Verse.ScribeLoader.FinalizeLoading
at Verse.Game.LoadGame
at Verse.SavedGameLoaderNow.LoadGameFromSaveFileNow
at Verse.Root_Play+<>c.<Start>b__1_1
at Verse.LongEventHandler.RunEventFromAnotherThread
at Verse.LongEventHandler+<>c.<UpdateCurrentAsynchronousEvent>b__28_0
at System.Threading.ThreadHelper.ThreadStart_Context
at System.Threading.ExecutionContext.RunInternal
at System.Threading.ExecutionContext.Run
at System.Threading.ExecutionContext.Run
at System.Threading.ThreadHelper.ThreadStart
<color=#B2B2B2>[2026-09-22 08:55:34.572] [WARN] [Vanilla] </color>Could not resolve reference to object with loadID Thing_Hive36467 of type Verse.Thing. Was it compressed away, destroyed, had no ID number, or not saved/loaded right? curParent=(DefendAndExpandHive , rad=10.00) curPathRelToParent=/focus
at Verse.LoadedObjectDirectory.ObjectWithLoadID
at Verse.CrossRefHandler.TakeResolvedRef
at Verse.CrossRefHandler.TakeResolvedRef
at Verse.ScribeExtractor.ResolveLocalTargetInfo
at Verse.Scribe_TargetInfo.Look
at Verse.AI.PawnDuty.ExposeData
at Verse.CrossRefHandler.ResolveAllCrossReferences
at Verse.ScribeLoader.FinalizeLoading
at Verse.Game.LoadGame
at Verse.SavedGameLoaderNow.LoadGameFromSaveFileNow
at Verse.Root_Play+<>c.<Start>b__1_1
at Verse.LongEventHandler.RunEventFromAnotherThread
at Verse.LongEventHandler+<>c.<UpdateCurrentAsynchronousEvent>b__28_0
at System.Threading.ThreadHelper.ThreadStart_Context
at System.Threading.ExecutionContext.RunInternal
at System.Threading.ExecutionContext.Run
at System.Threading.ExecutionContext.Run
at System.Threading.ThreadHelper.ThreadStart
<color=#B2B2B2>[2026-09-22 08:55:34.573] [WARN] [Vanilla] </color>Could not resolve reference to object with loadID Thing_Hive36467 of type Verse.Thing. Was it compressed away, destroyed, had no ID number, or not saved/loaded right? curParent=(DefendAndExpandHive , rad=10.00) curPathRelToParent=/focus
at Verse.LoadedObjectDirectory.ObjectWithLoadID
at Verse.CrossRefHandler.TakeResolvedRef
at Verse.CrossRefHandler.TakeResolvedRef
at Verse.ScribeExtractor.ResolveLocalTargetInfo
at Verse.Scribe_TargetInfo.Look
at Verse.AI.PawnDuty.ExposeData
at Verse.CrossRefHandler.ResolveAllCrossReferences
at Verse.ScribeLoader.FinalizeLoading
at Verse.Game.LoadGame
at Verse.SavedGameLoaderNow.LoadGameFromSaveFileNow
at Verse.Root_Play+<>c.<Start>b__1_1
at Verse.LongEventHandler.RunEventFromAnotherThread
at Verse.LongEventHandler+<>c.<UpdateCurrentAsynchronousEvent>b__28_0
at System.Threading.ThreadHelper.ThreadStart_Context
at System.Threading.ExecutionContext.RunInternal
at System.Threading.ExecutionContext.Run
at System.Threading.ExecutionContext.Run
at System.Threading.ThreadHelper.ThreadStart
<color=#B2B2B2>[2026-09-22 08:55:34.575] [WARN] [Vanilla] </color>Could not resolve reference to object with loadID Thing_Hive36467 of type Verse.Thing. Was it compressed away, destroyed, had no ID number, or not saved/loaded right? curParent=(DefendAndExpandHive , rad=10.00) curPathRelToParent=/focus
at Verse.LoadedObjectDirectory.ObjectWithLoadID
at Verse.CrossRefHandler.TakeResolvedRef
at Verse.CrossRefHandler.TakeResolvedRef
at Verse.ScribeExtractor.ResolveLocalTargetInfo
at Verse.Scribe_TargetInfo.Look
at Verse.AI.PawnDuty.ExposeData
at Verse.CrossRefHandler.ResolveAllCrossReferences
at Verse.ScribeLoader.FinalizeLoading
at Verse.Game.LoadGame
at Verse.SavedGameLoaderNow.LoadGameFromSaveFileNow
at Verse.Root_Play+<>c.<Start>b__1_1
at Verse.LongEventHandler.RunEventFromAnotherThread
at Verse.LongEventHandler+<>c.<UpdateCurrentAsynchronousEvent>b__28_0
at System.Threading.ThreadHelper.ThreadStart_Context
at System.Threading.ExecutionContext.RunInternal
at System.Threading.ExecutionContext.Run
at System.Threading.ExecutionContext.Run
at System.Threading.ThreadHelper.ThreadStart
<color=#B2B2B2>[2026-09-22 08:55:34.927] [WARN] [Vanilla] </color>A hidden ritual precept was missing, adding: Funeral (no corpse)
at RimWorld.Ideo.ExposeData
at Verse.PostLoadIniter.DoAllPostLoadInits
at Verse.ScribeLoader.FinalizeLoading
at Verse.Game.LoadGame
at Verse.SavedGameLoaderNow.LoadGameFromSaveFileNow
at Verse.Root_Play+<>c.<Start>b__1_1
at Verse.LongEventHandler.RunEventFromAnotherThread
at Verse.LongEventHandler+<>c.<UpdateCurrentAsynchronousEvent>b__28_0
at System.Threading.ThreadHelper.ThreadStart_Context
at System.Threading.ExecutionContext.RunInternal
at System.Threading.ExecutionContext.Run
at System.Threading.ExecutionContext.Run
at System.Threading.ThreadHelper.ThreadStart
<color=#B2B2B2>[2026-09-22 08:55:34.933] [WARN] [Vanilla] </color>A hidden ritual precept was missing, adding: Funeral (no corpse)
at RimWorld.Ideo.ExposeData
at Verse.PostLoadIniter.DoAllPostLoadInits
at Verse.ScribeLoader.FinalizeLoading
at Verse.Game.LoadGame
at Verse.SavedGameLoaderNow.LoadGameFromSaveFileNow
at Verse.Root_Play+<>c.<Start>b__1_1
at Verse.LongEventHandler.RunEventFromAnotherThread
at Verse.LongEventHandler+<>c.<UpdateCurrentAsynchronousEvent>b__28_0
at System.Threading.ThreadHelper.ThreadStart_Context
at System.Threading.ExecutionContext.RunInternal
at System.Threading.ExecutionContext.Run
at System.Threading.ExecutionContext.Run
at System.Threading.ThreadHelper.ThreadStart
<color=#B2B2B2>[2026-09-22 08:55:34.940] [WARN] [Vanilla] </color>A hidden ritual precept was missing, adding: Funeral (no corpse)
at RimWorld.Ideo.ExposeData
at Verse.PostLoadIniter.DoAllPostLoadInits
at Verse.ScribeLoader.FinalizeLoading
at Verse.Game.LoadGame
at Verse.SavedGameLoaderNow.LoadGameFromSaveFileNow
at Verse.Root_Play+<>c.<Start>b__1_1
at Verse.LongEventHandler.RunEventFromAnotherThread
at Verse.LongEventHandler+<>c.<UpdateCurrentAsynchronousEvent>b__28_0
at System.Threading.ThreadHelper.ThreadStart_Context
at System.Threading.ExecutionContext.RunInternal
at System.Threading.ExecutionContext.Run
at System.Threading.ExecutionContext.Run
at System.Threading.ThreadHelper.ThreadStart
<color=#B2B2B2>[2026-09-22 08:55:34.943] [WARN] [Vanilla] </color>A hidden ritual precept was missing, adding: Funeral (no corpse)
at RimWorld.Ideo.ExposeData
at Verse.PostLoadIniter.DoAllPostLoadInits
at Verse.ScribeLoader.FinalizeLoading
at Verse.Game.LoadGame
at Verse.SavedGameLoaderNow.LoadGameFromSaveFileNow
at Verse.Root_Play+<>c.<Start>b__1_1
at Verse.LongEventHandler.RunEventFromAnotherThread
at Verse.LongEventHandler+<>c.<UpdateCurrentAsynchronousEvent>b__28_0
at System.Threading.ThreadHelper.ThreadStart_Context
at System.Threading.ExecutionContext.RunInternal
at System.Threading.ExecutionContext.Run
at System.Threading.ExecutionContext.Run
at System.Threading.ThreadHelper.ThreadStart
<color=#B2B2B2>[2026-09-22 08:55:34.947] [WARN] [Vanilla] </color>A hidden ritual precept was missing, adding: Funeral (no corpse)
at RimWorld.Ideo.ExposeData
at Verse.PostLoadIniter.DoAllPostLoadInits
at Verse.ScribeLoader.FinalizeLoading
at Verse.Game.LoadGame
at Verse.SavedGameLoaderNow.LoadGameFromSaveFileNow
at Verse.Root_Play+<>c.<Start>b__1_1
at Verse.LongEventHandler.RunEventFromAnotherThread
at Verse.LongEventHandler+<>c.<UpdateCurrentAsynchronousEvent>b__28_0
at System.Threading.ThreadHelper.ThreadStart_Context
at System.Threading.ExecutionContext.RunInternal
at System.Threading.ExecutionContext.Run
at System.Threading.ExecutionContext.Run
at System.Threading.ThreadHelper.ThreadStart
<color=#B2B2B2>[2026-09-22 08:55:34.955] [WARN] [Vanilla] </color>A hidden ritual precept was missing, adding: Funeral (no corpse)
at RimWorld.Ideo.ExposeData
at Verse.PostLoadIniter.DoAllPostLoadInits
at Verse.ScribeLoader.FinalizeLoading
at Verse.Game.LoadGame
at Verse.SavedGameLoaderNow.LoadGameFromSaveFileNow
at Verse.Root_Play+<>c.<Start>b__1_1
at Verse.LongEventHandler.RunEventFromAnotherThread
at Verse.LongEventHandler+<>c.<UpdateCurrentAsynchronousEvent>b__28_0
at System.Threading.ThreadHelper.ThreadStart_Context
at System.Threading.ExecutionContext.RunInternal
at System.Threading.ExecutionContext.Run
at System.Threading.ExecutionContext.Run
at System.Threading.ThreadHelper.ThreadStart
<color=#B2B2B2>[2026-09-22 08:55:34.958] [WARN] [Vanilla] </color>A hidden ritual precept was missing, adding: Funeral (no corpse)
at RimWorld.Ideo.ExposeData
at Verse.PostLoadIniter.DoAllPostLoadInits
at Verse.ScribeLoader.FinalizeLoading
at Verse.Game.LoadGame
at Verse.SavedGameLoaderNow.LoadGameFromSaveFileNow
at Verse.Root_Play+<>c.<Start>b__1_1
at Verse.LongEventHandler.RunEventFromAnotherThread
at Verse.LongEventHandler+<>c.<UpdateCurrentAsynchronousEvent>b__28_0
at System.Threading.ThreadHelper.ThreadStart_Context
at System.Threading.ExecutionContext.RunInternal
at System.Threading.ExecutionContext.Run
at System.Threading.ExecutionContext.Run
at System.Threading.ThreadHelper.ThreadStart
<color=#B2B2B2>[2026-09-22 08:55:34.960] [WARN] [Vanilla] </color>A hidden ritual precept was missing, adding: Funeral (no corpse)
at RimWorld.Ideo.ExposeData
at Verse.PostLoadIniter.DoAllPostLoadInits
at Verse.ScribeLoader.FinalizeLoading
at Verse.Game.LoadGame
at Verse.SavedGameLoaderNow.LoadGameFromSaveFileNow
at Verse.Root_Play+<>c.<Start>b__1_1
at Verse.LongEventHandler.RunEventFromAnotherThread
at Verse.LongEventHandler+<>c.<UpdateCurrentAsynchronousEvent>b__28_0
at System.Threading.ThreadHelper.ThreadStart_Context
at System.Threading.ExecutionContext.RunInternal
at System.Threading.ExecutionContext.Run
at System.Threading.ExecutionContext.Run
at System.Threading.ThreadHelper.ThreadStart
<color=#B2B2B2>[2026-09-22 08:55:34.963] [WARN] [Vanilla] </color>A hidden ritual precept was missing, adding: Funeral (no corpse)
at RimWorld.Ideo.ExposeData
at Verse.PostLoadIniter.DoAllPostLoadInits
at Verse.ScribeLoader.FinalizeLoading
at Verse.Game.LoadGame
at Verse.SavedGameLoaderNow.LoadGameFromSaveFileNow
at Verse.Root_Play+<>c.<Start>b__1_1
at Verse.LongEventHandler.RunEventFromAnotherThread
at Verse.LongEventHandler+<>c.<UpdateCurrentAsynchronousEvent>b__28_0
at System.Threading.ThreadHelper.ThreadStart_Context
at System.Threading.ExecutionContext.RunInternal
at System.Threading.ExecutionContext.Run
at System.Threading.ExecutionContext.Run
at System.Threading.ThreadHelper.ThreadStart
<color=#B2B2B2>[2026-09-22 08:55:34.966] [WARN] [Vanilla] </color>A hidden ritual precept was missing, adding: Funeral (no corpse)
at RimWorld.Ideo.ExposeData
at Verse.PostLoadIniter.DoAllPostLoadInits
at Verse.ScribeLoader.FinalizeLoading
at Verse.Game.LoadGame
at Verse.SavedGameLoaderNow.LoadGameFromSaveFileNow
at Verse.Root_Play+<>c.<Start>b__1_1
at Verse.LongEventHandler.RunEventFromAnotherThread
at Verse.LongEventHandler+<>c.<UpdateCurrentAsynchronousEvent>b__28_0
at System.Threading.ThreadHelper.ThreadStart_Context
at System.Threading.ExecutionContext.RunInternal
at System.Threading.ExecutionContext.Run
at System.Threading.ExecutionContext.Run
at System.Threading.ThreadHelper.ThreadStart
<color=#B2B2B2>[2026-09-22 08:55:34.976] [WARN] [Vanilla] </color>A hidden ritual precept was missing, adding: Funeral (no corpse)
at RimWorld.Ideo.ExposeData
at Verse.PostLoadIniter.DoAllPostLoadInits
at Verse.ScribeLoader.FinalizeLoading
at Verse.Game.LoadGame
at Verse.SavedGameLoaderNow.LoadGameFromSaveFileNow
at Verse.Root_Play+<>c.<Start>b__1_1
at Verse.LongEventHandler.RunEventFromAnotherThread
at Verse.LongEventHandler+<>c.<UpdateCurrentAsynchronousEvent>b__28_0
at System.Threading.ThreadHelper.ThreadStart_Context
at System.Threading.ExecutionContext.RunInternal
at System.Threading.ExecutionContext.Run
at System.Threading.ExecutionContext.Run
at System.Threading.ThreadHelper.ThreadStart
<color=#B2B2B2>[2026-09-22 08:55:34.978] [WARN] [Vanilla] </color>A hidden ritual precept was missing, adding: Funeral (no corpse)
at RimWorld.Ideo.ExposeData
at Verse.PostLoadIniter.DoAllPostLoadInits
at Verse.ScribeLoader.FinalizeLoading
at Verse.Game.LoadGame
at Verse.SavedGameLoaderNow.LoadGameFromSaveFileNow
at Verse.Root_Play+<>c.<Start>b__1_1
at Verse.LongEventHandler.RunEventFromAnotherThread
at Verse.LongEventHandler+<>c.<UpdateCurrentAsynchronousEvent>b__28_0
at System.Threading.ThreadHelper.ThreadStart_Context
at System.Threading.ExecutionContext.RunInternal
at System.Threading.ExecutionContext.Run
at System.Threading.ExecutionContext.Run
at System.Threading.ThreadHelper.ThreadStart
<color=#B2B2B2>[2026-09-22 08:55:35.027] [WARN] [Vanilla] </color>Pawn Figueroa has relation "Parent" with null pawn after loading. This means that we forgot to serialize pawns somewhere (e.g. pawns from passing trade ships).
at RimWorld.Pawn_RelationsTracker.ExposeData
at Verse.PostLoadIniter.DoAllPostLoadInits
at Verse.ScribeLoader.FinalizeLoading
at Verse.Game.LoadGame
at Verse.SavedGameLoaderNow.LoadGameFromSaveFileNow
at Verse.Root_Play+<>c.<Start>b__1_1
at Verse.LongEventHandler.RunEventFromAnotherThread
at Verse.LongEventHandler+<>c.<UpdateCurrentAsynchronousEvent>b__28_0
at System.Threading.ThreadHelper.ThreadStart_Context
at System.Threading.ExecutionContext.RunInternal
at System.Threading.ExecutionContext.Run
at System.Threading.ExecutionContext.Run
at System.Threading.ThreadHelper.ThreadStart
<color=#B2B2B2>[2026-09-22 08:55:35.160] [ERROR] [Vanilla] </color>Exception in SetupToils for pawn Larson driver=JobDriver_HaulToCell (toilIndex=4) driver.job=(HaulToCell (Job_4613) B = (131, 0, 158) Giver = JobGiver_Work [workGiverDef: HaulGeneral])
System.NullReferenceException: Object reference not set to an instance of an object
[Ref D3CBB033]
  at Verse.AI.HaulAIUtility.IsInHaulableInventory (Verse.Thing thing) [0x00000] in <b4d967f0d45a413fbb0223eefee4f2ae>:0 
  at Verse.AI.JobDriver_HaulToCell+<MakeNewToils>d__13.MoveNext () [0x001ea] in <b4d967f0d45a413fbb0223eefee4f2ae>:0 
  at Verse.AI.JobDriver.SetupToils () [0x00051] in <b4d967f0d45a413fbb0223eefee4f2ae>:0 
at Verse.AI.JobUtility.TryStartErrorRecoverJob
at Verse.AI.JobDriver.SetupToils
at Verse.AI.JobDriver.ExposeData
at Verse.AI.JobDriver_HaulToCell.ExposeData
at Verse.PostLoadIniter.DoAllPostLoadInits
at Verse.ScribeLoader.FinalizeLoading
at Verse.Game.LoadGame
at Verse.SavedGameLoaderNow.LoadGameFromSaveFileNow
at Verse.Root_Play+<>c.<Start>b__1_1
at Verse.LongEventHandler.RunEventFromAnotherThread
at Verse.LongEventHandler+<>c.<UpdateCurrentAsynchronousEvent>b__28_0
at System.Threading.ThreadHelper.ThreadStart_Context
at System.Threading.ExecutionContext.RunInternal
at System.Threading.ExecutionContext.Run
at System.Threading.ExecutionContext.Run
at System.Threading.ThreadHelper.ThreadStart
<color=#B2B2B2>[2026-09-22 08:55:35.193] [ERROR] [Vanilla] </color>JobDriver threw exception in toil MakeNewToils's initAction for pawn Larson driver=JobDriver_Wait (toilIndex=0) driver.job=(Wait (Job_4709))
System.NullReferenceException: Object reference not set to an instance of an object
[Ref B26CBB42]
  at Verse.AI.JobDriver_Wait.<MakeNewToils>b__3_0 () [0x00006] in <b4d967f0d45a413fbb0223eefee4f2ae>:0 
  at Verse.AI.JobDriver.TryActuallyStartNextToil () [0x001b0] in <b4d967f0d45a413fbb0223eefee4f2ae>:0 
at Verse.AI.JobUtility.TryStartErrorRecoverJob
at Verse.AI.JobDriver.TryActuallyStartNextToil
at Verse.AI.JobDriver.ReadyForNextToil
at Verse.AI.Pawn_JobTracker.StartJob
at Verse.AI.JobUtility.TryStartErrorRecoverJob
at Verse.AI.JobDriver.SetupToils
at Verse.AI.JobDriver.ExposeData
at Verse.AI.JobDriver_HaulToCell.ExposeData
at Verse.PostLoadIniter.DoAllPostLoadInits
at Verse.ScribeLoader.FinalizeLoading
at Verse.Game.LoadGame
at Verse.SavedGameLoaderNow.LoadGameFromSaveFileNow
at Verse.Root_Play+<>c.<Start>b__1_1
at Verse.LongEventHandler.RunEventFromAnotherThread
at Verse.LongEventHandler+<>c.<UpdateCurrentAsynchronousEvent>b__28_0
at System.Threading.ThreadHelper.ThreadStart_Context
at System.Threading.ExecutionContext.RunInternal
at System.Threading.ExecutionContext.Run
at System.Threading.ExecutionContext.Run
at System.Threading.ThreadHelper.ThreadStart
<color=#B2B2B2>[2026-09-22 08:55:35.199] [ERROR] [Vanilla] </color>An error occurred while starting an error recover job. We have to stop now to avoid infinite loops. This means that the pawn is now jobless which can cause further bugs. pawn=Larson
at Verse.AI.JobUtility.TryStartErrorRecoverJob
at Verse.AI.JobDriver.TryActuallyStartNextToil
at Verse.AI.JobDriver.ReadyForNextToil
at Verse.AI.Pawn_JobTracker.StartJob
at Verse.AI.JobUtility.TryStartErrorRecoverJob
at Verse.AI.JobDriver.SetupToils
at Verse.AI.JobDriver.ExposeData
at Verse.AI.JobDriver_HaulToCell.ExposeData
at Verse.PostLoadIniter.DoAllPostLoadInits
at Verse.ScribeLoader.FinalizeLoading
at Verse.Game.LoadGame
at Verse.SavedGameLoaderNow.LoadGameFromSaveFileNow
at Verse.Root_Play+<>c.<Start>b__1_1
at Verse.LongEventHandler.RunEventFromAnotherThread
at Verse.LongEventHandler+<>c.<UpdateCurrentAsynchronousEvent>b__28_0
at System.Threading.ThreadHelper.ThreadStart_Context
at System.Threading.ExecutionContext.RunInternal
at System.Threading.ExecutionContext.Run
at System.Threading.ExecutionContext.Run
at System.Threading.ThreadHelper.ThreadStart
Unloading 0 Unused Serialized files (Serialized files now loaded: 5)
Unloading 1 unused Assets to reduce memory usage. Loaded Objects now: 31762.
Total: 318.485818 ms (FindLiveObjects: 3.613116 ms CreateObjectMapping: 3.796634 ms MarkObjects: 310.963513 ms  DeleteObjects: 0.111050 ms)

<color=#B2B2B2>[2026-09-22 08:56:25.132] [WARN] [Vanilla] [home/runner/work/Rimworld-Pickle/Rimworld-Pickle/Source/Pickle/Fixtures/FixtureLoader:56] </color>Object with load ID Thing_Megaspider36477 is referenced (xml node name: li) but is not deep-saved. This will cause errors during loading.
at Verse.DebugLoadIDsSavingErrorsChecker.CheckForErrorsAndClear
at Verse.ScribeSaver.FinalizeSaving
at Verse.SafeSaver.DoSave
at Verse.SafeSaver.Save
at Verse.GameDataSaveLoader.SaveGame
at RimWorks.Pickle.Fixtures.FixtureLoader+<SaveAndReload>d__3.MoveNext (home/runner/work/Rimworld-Pickle/Rimworld-Pickle/Source/Pickle/Fixtures/FixtureLoader:56)
at System.Runtime.CompilerServices.AsyncTaskMethodBuilder.Start
at RimWorks.Pickle.Fixtures.FixtureLoader.SaveAndReload
at RimWorks.Pickle.Run.RunSession.SaveAndReloadStep (home/runner/work/Rimworld-Pickle/Rimworld-Pickle/Source/Pickle/Run/RunSession:720)
at System.Reflection.RuntimeMethodInfo.InternalInvoke
at System.Reflection.RuntimeMethodInfo.Invoke
at System.Reflection.MethodBase.Invoke
at System.Delegate.DynamicInvokeImpl
at System.MulticastDelegate.DynamicInvokeImpl
at System.Delegate.DynamicInvoke
at RimWorks.Pickle.Run.RunSession.InvokeDelegateBinding (home/runner/work/Rimworld-Pickle/Rimworld-Pickle/Source/Pickle/Run/RunSession:277)
at RimWorks.Pickle.Run.RunSession+<RunStep>d__87.MoveNext (home/runner/work/Rimworld-Pickle/Rimworld-Pickle/Source/Pickle/Run/RunSession:544)
at System.Runtime.CompilerServices.AsyncTaskMethodBuilder`1[[RimWorks.Pickle.Core.Run.StepResult, RimWorks.Pickle.Core, Version=4.8.3.0, Culture=neutral, PublicKeyToken=null]].Start
at RimWorks.Pickle.Run.RunSession.RunStep
at RimWorks.Pickle.Run.RunSession+<RunScenario>d__86.MoveNext (home/runner/work/Rimworld-Pickle/Rimworld-Pickle/Source/Pickle/Run/RunSession:398)
at System.Runtime.CompilerServices.AsyncMethodBuilderCore+MoveNextRunner.InvokeMoveNext
at System.Threading.ExecutionContext.RunInternal
at System.Threading.ExecutionContext.Run
at System.Runtime.CompilerServices.AsyncMethodBuilderCore+MoveNextRunner.Run
at System.Threading.Tasks.AwaitTaskContinuation.InvokeAction
at System.Threading.Tasks.AwaitTaskContinuation.RunCallback
at System.Threading.Tasks.SynchronizationContextAwaitTaskContinuation.Run
at System.Threading.Tasks.Task.FinishContinuations
at System.Threading.Tasks.Task.FinishStageThree
at System.Threading.Tasks.Task`1[[RimWorks.Pickle.Core.Run.StepResult, RimWorks.Pickle.Core, Version=4.8.3.0, Culture=neutral, PublicKeyToken=null]].TrySetResult
at System.Runtime.CompilerServices.AsyncTaskMethodBuilder`1[[RimWorks.Pickle.Core.Run.StepResult, RimWorks.Pickle.Core, Version=4.8.3.0, Culture=neutral, PublicKeyToken=null]].SetResult
at RimWorks.Pickle.Run.RunSession+<RunStep>d__87.MoveNext (home/runner/work/Rimworld-Pickle/Rimworld-Pickle/Source/Pickle/Run/RunSession:604)
at System.Runtime.CompilerServices.AsyncMethodBuilderCore+MoveNextRunner.InvokeMoveNext
at System.Threading.ExecutionContext.RunInternal
at System.Threading.ExecutionContext.Run
at System.Runtime.CompilerServices.AsyncMethodBuilderCore+MoveNextRunner.Run
at RimWorks.Pickle.Runtime.PickleDriver.Resolve (home/runner/work/Rimworld-Pickle/Rimworld-Pickle/Source/Pickle/Runtime/PickleDriver:406)
at RimWorks.Pickle.Runtime.PickleDriver.ScanWaits (home/runner/work/Rimworld-Pickle/Rimworld-Pickle/Source/Pickle/Runtime/PickleDriver:387)
at RimWorks.Pickle.Runtime.PickleDriver.Update (home/runner/work/Rimworld-Pickle/Rimworld-Pickle/Source/Pickle/Runtime/PickleDriver:359)
<color=#B2B2B2>[2026-09-22 08:56:25.135] [WARN] [Vanilla] [home/runner/work/Rimworld-Pickle/Rimworld-Pickle/Source/Pickle/Fixtures/FixtureLoader:56] </color>Object with load ID Thing_Locust36478 is referenced (xml node name: li) but is not deep-saved. This will cause errors during loading.
at Verse.DebugLoadIDsSavingErrorsChecker.CheckForErrorsAndClear
at Verse.ScribeSaver.FinalizeSaving
at Verse.SafeSaver.DoSave
at Verse.SafeSaver.Save
at Verse.GameDataSaveLoader.SaveGame
at RimWorks.Pickle.Fixtures.FixtureLoader+<SaveAndReload>d__3.MoveNext (home/runner/work/Rimworld-Pickle/Rimworld-Pickle/Source/Pickle/Fixtures/FixtureLoader:56)
at System.Runtime.CompilerServices.AsyncTaskMethodBuilder.Start
at RimWorks.Pickle.Fixtures.FixtureLoader.SaveAndReload
at RimWorks.Pickle.Run.RunSession.SaveAndReloadStep (home/runner/work/Rimworld-Pickle/Rimworld-Pickle/Source/Pickle/Run/RunSession:720)
at System.Reflection.RuntimeMethodInfo.InternalInvoke
at System.Reflection.RuntimeMethodInfo.Invoke
at System.Reflection.MethodBase.Invoke
at System.Delegate.DynamicInvokeImpl
at System.MulticastDelegate.DynamicInvokeImpl
at System.Delegate.DynamicInvoke
at RimWorks.Pickle.Run.RunSession.InvokeDelegateBinding (home/runner/work/Rimworld-Pickle/Rimworld-Pickle/Source/Pickle/Run/RunSession:277)
at RimWorks.Pickle.Run.RunSession+<RunStep>d__87.MoveNext (home/runner/work/Rimworld-Pickle/Rimworld-Pickle/Source/Pickle/Run/RunSession:544)
at System.Runtime.CompilerServices.AsyncTaskMethodBuilder`1[[RimWorks.Pickle.Core.Run.StepResult, RimWorks.Pickle.Core, Version=4.8.3.0, Culture=neutral, PublicKeyToken=null]].Start
at RimWorks.Pickle.Run.RunSession.RunStep
at RimWorks.Pickle.Run.RunSession+<RunScenario>d__86.MoveNext (home/runner/work/Rimworld-Pickle/Rimworld-Pickle/Source/Pickle/Run/RunSession:398)
at System.Runtime.CompilerServices.AsyncMethodBuilderCore+MoveNextRunner.InvokeMoveNext
at System.Threading.ExecutionContext.RunInternal
at System.Threading.ExecutionContext.Run
at System.Runtime.CompilerServices.AsyncMethodBuilderCore+MoveNextRunner.Run
at System.Threading.Tasks.AwaitTaskContinuation.InvokeAction
at System.Threading.Tasks.AwaitTaskContinuation.RunCallback
at System.Threading.Tasks.SynchronizationContextAwaitTaskContinuation.Run
at System.Threading.Tasks.Task.FinishContinuations
at System.Threading.Tasks.Task.FinishStageThree
at System.Threading.Tasks.Task`1[[RimWorks.Pickle.Core.Run.StepResult, RimWorks.Pickle.Core, Version=4.8.3.0, Culture=neutral, PublicKeyToken=null]].TrySetResult
at System.Runtime.CompilerServices.AsyncTaskMethodBuilder`1[[RimWorks.Pickle.Core.Run.StepResult, RimWorks.Pickle.Core, Version=4.8.3.0, Culture=neutral, PublicKeyToken=null]].SetResult
at RimWorks.Pickle.Run.RunSession+<RunStep>d__87.MoveNext (home/runner/work/Rimworld-Pickle/Rimworld-Pickle/Source/Pickle/Run/RunSession:604)
at System.Runtime.CompilerServices.AsyncMethodBuilderCore+MoveNextRunner.InvokeMoveNext
at System.Threading.ExecutionContext.RunInternal
at System.Threading.ExecutionContext.Run
at System.Runtime.CompilerServices.AsyncMethodBuilderCore+MoveNextRunner.Run
at RimWorks.Pickle.Runtime.PickleDriver.Resolve (home/runner/work/Rimworld-Pickle/Rimworld-Pickle/Source/Pickle/Runtime/PickleDriver:406)
at RimWorks.Pickle.Runtime.PickleDriver.ScanWaits (home/runner/work/Rimworld-Pickle/Rimworld-Pickle/Source/Pickle/Runtime/PickleDriver:387)
at RimWorks.Pickle.Runtime.PickleDriver.Update (home/runner/work/Rimworld-Pickle/Rimworld-Pickle/Source/Pickle/Runtime/PickleDriver:359)
<color=#B2B2B2>[2026-09-22 08:56:25.137] [WARN] [Vanilla] [home/runner/work/Rimworld-Pickle/Rimworld-Pickle/Source/Pickle/Fixtures/FixtureLoader:56] </color>Object with load ID Thing_Megascarab36479 is referenced (xml node name: li) but is not deep-saved. This will cause errors during loading.
at Verse.DebugLoadIDsSavingErrorsChecker.CheckForErrorsAndClear
at Verse.ScribeSaver.FinalizeSaving
at Verse.SafeSaver.DoSave
at Verse.SafeSaver.Save
at Verse.GameDataSaveLoader.SaveGame
at RimWorks.Pickle.Fixtures.FixtureLoader+<SaveAndReload>d__3.MoveNext (home/runner/work/Rimworld-Pickle/Rimworld-Pickle/Source/Pickle/Fixtures/FixtureLoader:56)
at System.Runtime.CompilerServices.AsyncTaskMethodBuilder.Start
at RimWorks.Pickle.Fixtures.FixtureLoader.SaveAndReload
at RimWorks.Pickle.Run.RunSession.SaveAndReloadStep (home/runner/work/Rimworld-Pickle/Rimworld-Pickle/Source/Pickle/Run/RunSession:720)
at System.Reflection.RuntimeMethodInfo.InternalInvoke
at System.Reflection.RuntimeMethodInfo.Invoke
at System.Reflection.MethodBase.Invoke
at System.Delegate.DynamicInvokeImpl
at System.MulticastDelegate.DynamicInvokeImpl
at System.Delegate.DynamicInvoke
at RimWorks.Pickle.Run.RunSession.InvokeDelegateBinding (home/runner/work/Rimworld-Pickle/Rimworld-Pickle/Source/Pickle/Run/RunSession:277)
at RimWorks.Pickle.Run.RunSession+<RunStep>d__87.MoveNext (home/runner/work/Rimworld-Pickle/Rimworld-Pickle/Source/Pickle/Run/RunSession:544)
at System.Runtime.CompilerServices.AsyncTaskMethodBuilder`1[[RimWorks.Pickle.Core.Run.StepResult, RimWorks.Pickle.Core, Version=4.8.3.0, Culture=neutral, PublicKeyToken=null]].Start
at RimWorks.Pickle.Run.RunSession.RunStep
at RimWorks.Pickle.Run.RunSession+<RunScenario>d__86.MoveNext (home/runner/work/Rimworld-Pickle/Rimworld-Pickle/Source/Pickle/Run/RunSession:398)
at System.Runtime.CompilerServices.AsyncMethodBuilderCore+MoveNextRunner.InvokeMoveNext
at System.Threading.ExecutionContext.RunInternal
at System.Threading.ExecutionContext.Run
at System.Runtime.CompilerServices.AsyncMethodBuilderCore+MoveNextRunner.Run
at System.Threading.Tasks.AwaitTaskContinuation.InvokeAction
at System.Threading.Tasks.AwaitTaskContinuation.RunCallback
at System.Threading.Tasks.SynchronizationContextAwaitTaskContinuation.Run
at System.Threading.Tasks.Task.FinishContinuations
at System.Threading.Tasks.Task.FinishStageThree
at System.Threading.Tasks.Task`1[[RimWorks.Pickle.Core.Run.StepResult, RimWorks.Pickle.Core, Version=4.8.3.0, Culture=neutral, PublicKeyToken=null]].TrySetResult
at System.Runtime.CompilerServices.AsyncTaskMethodBuilder`1[[RimWorks.Pickle.Core.Run.StepResult, RimWorks.Pickle.Core, Version=4.8.3.0, Culture=neutral, PublicKeyToken=null]].SetResult
at RimWorks.Pickle.Run.RunSession+<RunStep>d__87.MoveNext (home/runner/work/Rimworld-Pickle/Rimworld-Pickle/Source/Pickle/Run/RunSession:604)
at System.Runtime.CompilerServices.AsyncMethodBuilderCore+MoveNextRunner.InvokeMoveNext
at System.Threading.ExecutionContext.RunInternal
at System.Threading.ExecutionContext.Run
at System.Runtime.CompilerServices.AsyncMethodBuilderCore+MoveNextRunner.Run
at RimWorks.Pickle.Runtime.PickleDriver.Resolve (home/runner/work/Rimworld-Pickle/Rimworld-Pickle/Source/Pickle/Runtime/PickleDriver:406)
at RimWorks.Pickle.Runtime.PickleDriver.ScanWaits (home/runner/work/Rimworld-Pickle/Rimworld-Pickle/Source/Pickle/Runtime/PickleDriver:387)
at RimWorks.Pickle.Runtime.PickleDriver.Update (home/runner/work/Rimworld-Pickle/Rimworld-Pickle/Source/Pickle/Runtime/PickleDriver:359)
<color=#B2B2B2>[2026-09-22 08:56:25.140] [WARN] [Vanilla] [home/runner/work/Rimworld-Pickle/Rimworld-Pickle/Source/Pickle/Fixtures/FixtureLoader:56] </color>Object with load ID Thing_Megascarab36480 is referenced (xml node name: li) but is not deep-saved. This will cause errors during loading.
at Verse.DebugLoadIDsSavingErrorsChecker.CheckForErrorsAndClear
at Verse.ScribeSaver.FinalizeSaving
at Verse.SafeSaver.DoSave
at Verse.SafeSaver.Save
at Verse.GameDataSaveLoader.SaveGame
at RimWorks.Pickle.Fixtures.FixtureLoader+<SaveAndReload>d__3.MoveNext (home/runner/work/Rimworld-Pickle/Rimworld-Pickle/Source/Pickle/Fixtures/FixtureLoader:56)
at System.Runtime.CompilerServices.AsyncTaskMethodBuilder.Start
at RimWorks.Pickle.Fixtures.FixtureLoader.SaveAndReload
at RimWorks.Pickle.Run.RunSession.SaveAndReloadStep (home/runner/work/Rimworld-Pickle/Rimworld-Pickle/Source/Pickle/Run/RunSession:720)
at System.Reflection.RuntimeMethodInfo.InternalInvoke
at System.Reflection.RuntimeMethodInfo.Invoke
at System.Reflection.MethodBase.Invoke
at System.Delegate.DynamicInvokeImpl
at System.MulticastDelegate.DynamicInvokeImpl
at System.Delegate.DynamicInvoke
at RimWorks.Pickle.Run.RunSession.InvokeDelegateBinding (home/runner/work/Rimworld-Pickle/Rimworld-Pickle/Source/Pickle/Run/RunSession:277)
at RimWorks.Pickle.Run.RunSession+<RunStep>d__87.MoveNext (home/runner/work/Rimworld-Pickle/Rimworld-Pickle/Source/Pickle/Run/RunSession:544)
at System.Runtime.CompilerServices.AsyncTaskMethodBuilder`1[[RimWorks.Pickle.Core.Run.StepResult, RimWorks.Pickle.Core, Version=4.8.3.0, Culture=neutral, PublicKeyToken=null]].Start
at RimWorks.Pickle.Run.RunSession.RunStep
at RimWorks.Pickle.Run.RunSession+<RunScenario>d__86.MoveNext (home/runner/work/Rimworld-Pickle/Rimworld-Pickle/Source/Pickle/Run/RunSession:398)
at System.Runtime.CompilerServices.AsyncMethodBuilderCore+MoveNextRunner.InvokeMoveNext
at System.Threading.ExecutionContext.RunInternal
at System.Threading.ExecutionContext.Run
at System.Runtime.CompilerServices.AsyncMethodBuilderCore+MoveNextRunner.Run
at System.Threading.Tasks.AwaitTaskContinuation.InvokeAction
at System.Threading.Tasks.AwaitTaskContinuation.RunCallback
at System.Threading.Tasks.SynchronizationContextAwaitTaskContinuation.Run
at System.Threading.Tasks.Task.FinishContinuations
at System.Threading.Tasks.Task.FinishStageThree
at System.Threading.Tasks.Task`1[[RimWorks.Pickle.Core.Run.StepResult, RimWorks.Pickle.Core, Version=4.8.3.0, Culture=neutral, PublicKeyToken=null]].TrySetResult
at System.Runtime.CompilerServices.AsyncTaskMethodBuilder`1[[RimWorks.Pickle.Core.Run.StepResult, RimWorks.Pickle.Core, Version=4.8.3.0, Culture=neutral, PublicKeyToken=null]].SetResult
at RimWorks.Pickle.Run.RunSession+<RunStep>d__87.MoveNext (home/runner/work/Rimworld-Pickle/Rimworld-Pickle/Source/Pickle/Run/RunSession:604)
at System.Runtime.CompilerServices.AsyncMethodBuilderCore+MoveNextRunner.InvokeMoveNext
at System.Threading.ExecutionContext.RunInternal
at System.Threading.ExecutionContext.Run
at System.Runtime.CompilerServices.AsyncMethodBuilderCore+MoveNextRunner.Run
at RimWorks.Pickle.Runtime.PickleDriver.Resolve (home/runner/work/Rimworld-Pickle/Rimworld-Pickle/Source/Pickle/Runtime/PickleDriver:406)
at RimWorks.Pickle.Runtime.PickleDriver.ScanWaits (home/runner/work/Rimworld-Pickle/Rimworld-Pickle/Source/Pickle/Runtime/PickleDriver:387)
at RimWorks.Pickle.Runtime.PickleDriver.Update (home/runner/work/Rimworld-Pickle/Rimworld-Pickle/Source/Pickle/Runtime/PickleDriver:359)
<color=#B2B2B2>[2026-09-22 08:56:25.143] [WARN] [Vanilla] [home/runner/work/Rimworld-Pickle/Rimworld-Pickle/Source/Pickle/Fixtures/FixtureLoader:56] </color>Object with load ID Thing_Megaspider36481 is referenced (xml node name: li) but is not deep-saved. This will cause errors during loading.
at Verse.DebugLoadIDsSavingErrorsChecker.CheckForErrorsAndClear
at Verse.ScribeSaver.FinalizeSaving
at Verse.SafeSaver.DoSave
at Verse.SafeSaver.Save
at Verse.GameDataSaveLoader.SaveGame
at RimWorks.Pickle.Fixtures.FixtureLoader+<SaveAndReload>d__3.MoveNext (home/runner/work/Rimworld-Pickle/Rimworld-Pickle/Source/Pickle/Fixtures/FixtureLoader:56)
at System.Runtime.CompilerServices.AsyncTaskMethodBuilder.Start
at RimWorks.Pickle.Fixtures.FixtureLoader.SaveAndReload
at RimWorks.Pickle.Run.RunSession.SaveAndReloadStep (home/runner/work/Rimworld-Pickle/Rimworld-Pickle/Source/Pickle/Run/RunSession:720)
at System.Reflection.RuntimeMethodInfo.InternalInvoke
at System.Reflection.RuntimeMethodInfo.Invoke
at System.Reflection.MethodBase.Invoke
at System.Delegate.DynamicInvokeImpl
at System.MulticastDelegate.DynamicInvokeImpl
at System.Delegate.DynamicInvoke
at RimWorks.Pickle.Run.RunSession.InvokeDelegateBinding (home/runner/work/Rimworld-Pickle/Rimworld-Pickle/Source/Pickle/Run/RunSession:277)
at RimWorks.Pickle.Run.RunSession+<RunStep>d__87.MoveNext (home/runner/work/Rimworld-Pickle/Rimworld-Pickle/Source/Pickle/Run/RunSession:544)
at System.Runtime.CompilerServices.AsyncTaskMethodBuilder`1[[RimWorks.Pickle.Core.Run.StepResult, RimWorks.Pickle.Core, Version=4.8.3.0, Culture=neutral, PublicKeyToken=null]].Start
at RimWorks.Pickle.Run.RunSession.RunStep
at RimWorks.Pickle.Run.RunSession+<RunScenario>d__86.MoveNext (home/runner/work/Rimworld-Pickle/Rimworld-Pickle/Source/Pickle/Run/RunSession:398)
at System.Runtime.CompilerServices.AsyncMethodBuilderCore+MoveNextRunner.InvokeMoveNext
at System.Threading.ExecutionContext.RunInternal
at System.Threading.ExecutionContext.Run
at System.Runtime.CompilerServices.AsyncMethodBuilderCore+MoveNextRunner.Run
at System.Threading.Tasks.AwaitTaskContinuation.InvokeAction
at System.Threading.Tasks.AwaitTaskContinuation.RunCallback
at System.Threading.Tasks.SynchronizationContextAwaitTaskContinuation.Run
at System.Threading.Tasks.Task.FinishContinuations
at System.Threading.Tasks.Task.FinishStageThree
at System.Threading.Tasks.Task`1[[RimWorks.Pickle.Core.Run.StepResult, RimWorks.Pickle.Core, Version=4.8.3.0, Culture=neutral, PublicKeyToken=null]].TrySetResult
at System.Runtime.CompilerServices.AsyncTaskMethodBuilder`1[[RimWorks.Pickle.Core.Run.StepResult, RimWorks.Pickle.Core, Version=4.8.3.0, Culture=neutral, PublicKeyToken=null]].SetResult
at RimWorks.Pickle.Run.RunSession+<RunStep>d__87.MoveNext (home/runner/work/Rimworld-Pickle/Rimworld-Pickle/Source/Pickle/Run/RunSession:604)
at System.Runtime.CompilerServices.AsyncMethodBuilderCore+MoveNextRunner.InvokeMoveNext
at System.Threading.ExecutionContext.RunInternal
at System.Threading.ExecutionContext.Run
at System.Runtime.CompilerServices.AsyncMethodBuilderCore+MoveNextRunner.Run
at RimWorks.Pickle.Runtime.PickleDriver.Resolve (home/runner/work/Rimworld-Pickle/Rimworld-Pickle/Source/Pickle/Runtime/PickleDriver:406)
at RimWorks.Pickle.Runtime.PickleDriver.ScanWaits (home/runner/work/Rimworld-Pickle/Rimworld-Pickle/Source/Pickle/Runtime/PickleDriver:387)
at RimWorks.Pickle.Runtime.PickleDriver.Update (home/runner/work/Rimworld-Pickle/Rimworld-Pickle/Source/Pickle/Runtime/PickleDriver:359)
<color=#B2B2B2>[2026-09-22 08:56:25.145] [WARN] [Vanilla] [home/runner/work/Rimworld-Pickle/Rimworld-Pickle/Source/Pickle/Fixtures/FixtureLoader:56] </color>Object with load ID Thing_Megascarab36482 is referenced (xml node name: li) but is not deep-saved. This will cause errors during loading.
at Verse.DebugLoadIDsSavingErrorsChecker.CheckForErrorsAndClear
at Verse.ScribeSaver.FinalizeSaving
at Verse.SafeSaver.DoSave
at Verse.SafeSaver.Save
at Verse.GameDataSaveLoader.SaveGame
at RimWorks.Pickle.Fixtures.FixtureLoader+<SaveAndReload>d__3.MoveNext (home/runner/work/Rimworld-Pickle/Rimworld-Pickle/Source/Pickle/Fixtures/FixtureLoader:56)
at System.Runtime.CompilerServices.AsyncTaskMethodBuilder.Start
at RimWorks.Pickle.Fixtures.FixtureLoader.SaveAndReload
at RimWorks.Pickle.Run.RunSession.SaveAndReloadStep (home/runner/work/Rimworld-Pickle/Rimworld-Pickle/Source/Pickle/Run/RunSession:720)
at System.Reflection.RuntimeMethodInfo.InternalInvoke
at System.Reflection.RuntimeMethodInfo.Invoke
at System.Reflection.MethodBase.Invoke
at System.Delegate.DynamicInvokeImpl
at System.MulticastDelegate.DynamicInvokeImpl
at System.Delegate.DynamicInvoke
at RimWorks.Pickle.Run.RunSession.InvokeDelegateBinding (home/runner/work/Rimworld-Pickle/Rimworld-Pickle/Source/Pickle/Run/RunSession:277)
at RimWorks.Pickle.Run.RunSession+<RunStep>d__87.MoveNext (home/runner/work/Rimworld-Pickle/Rimworld-Pickle/Source/Pickle/Run/RunSession:544)
at System.Runtime.CompilerServices.AsyncTaskMethodBuilder`1[[RimWorks.Pickle.Core.Run.StepResult, RimWorks.Pickle.Core, Version=4.8.3.0, Culture=neutral, PublicKeyToken=null]].Start
at RimWorks.Pickle.Run.RunSession.RunStep
at RimWorks.Pickle.Run.RunSession+<RunScenario>d__86.MoveNext (home/runner/work/Rimworld-Pickle/Rimworld-Pickle/Source/Pickle/Run/RunSession:398)
at System.Runtime.CompilerServices.AsyncMethodBuilderCore+MoveNextRunner.InvokeMoveNext
at System.Threading.ExecutionContext.RunInternal
at System.Threading.ExecutionContext.Run
at System.Runtime.CompilerServices.AsyncMethodBuilderCore+MoveNextRunner.Run
at System.Threading.Tasks.AwaitTaskContinuation.InvokeAction
at System.Threading.Tasks.AwaitTaskContinuation.RunCallback
at System.Threading.Tasks.SynchronizationContextAwaitTaskContinuation.Run
at System.Threading.Tasks.Task.FinishContinuations
at System.Threading.Tasks.Task.FinishStageThree
at System.Threading.Tasks.Task`1[[RimWorks.Pickle.Core.Run.StepResult, RimWorks.Pickle.Core, Version=4.8.3.0, Culture=neutral, PublicKeyToken=null]].TrySetResult
at System.Runtime.CompilerServices.AsyncTaskMethodBuilder`1[[RimWorks.Pickle.Core.Run.StepResult, RimWorks.Pickle.Core, Version=4.8.3.0, Culture=neutral, PublicKeyToken=null]].SetResult
at RimWorks.Pickle.Run.RunSession+<RunStep>d__87.MoveNext (home/runner/work/Rimworld-Pickle/Rimworld-Pickle/Source/Pickle/Run/RunSession:604)
at System.Runtime.CompilerServices.AsyncMethodBuilderCore+MoveNextRunner.InvokeMoveNext
at System.Threading.ExecutionContext.RunInternal
at System.Threading.ExecutionContext.Run
at System.Runtime.CompilerServices.AsyncMethodBuilderCore+MoveNextRunner.Run
at RimWorks.Pickle.Runtime.PickleDriver.Resolve (home/runner/work/Rimworld-Pickle/Rimworld-Pickle/Source/Pickle/Runtime/PickleDriver:406)
at RimWorks.Pickle.Runtime.PickleDriver.ScanWaits (home/runner/work/Rimworld-Pickle/Rimworld-Pickle/Source/Pickle/Runtime/PickleDriver:387)
at RimWorks.Pickle.Runtime.PickleDriver.Update (home/runner/work/Rimworld-Pickle/Rimworld-Pickle/Source/Pickle/Runtime/PickleDriver:359)
Unloading 1 Unused Serialized files (Serialized files now loaded: 5)
Unloading 1 unused Assets to reduce memory usage. Loaded Objects now: 27732.
Total: 361.293065 ms (FindLiveObjects: 12.262747 ms CreateObjectMapping: 4.232376 ms MarkObjects: 344.527659 ms  DeleteObjects: 0.268739 ms)

Unloading 2 Unused Serialized files (Serialized files now loaded: 5)
[PhysX] Initialized MultithreadedTaskDispatcher with 16 workers.
UnloadTime: 11.001868 ms
requesting resize 1920 x 1080
resizing window to 1920 x 1080
Desktop is 1920 x 1080 @ 0 Hz
Unloading 3 unused Assets to reduce memory usage. Loaded Objects now: 27725.
Total: 207.399657 ms (FindLiveObjects: 4.942857 ms CreateObjectMapping: 1.688259 ms MarkObjects: 200.656931 ms  DeleteObjects: 0.110409 ms)

<color=#B2B2B2>[2026-09-22 08:56:26.751] [INFO] [Vanilla] </color>Loading game from file __pickle_roundtrip with mods:
  - brrainz.harmony
  - Ludeon.RimWorld
  - Ludeon.RimWorld.Royalty
  - Ludeon.RimWorld.Ideology
  - Ludeon.RimWorld.Biotech
  - Ludeon.RimWorld.Anomaly
  - Ludeon.RimWorld.Odyssey
  - RimWorks.RimLogging
  - rimworks.pickle
  - nelim.pickletools.screenshotstudio
  - nelim.pickletools.clearscreen
  - nelim.pickletools
  - nelim.pickletools.studiotests
at Verse.SavedGameLoaderNow.LoadGameFromSaveFileNow
at Verse.Root_Play+<>c.<Start>b__1_1
at Verse.LongEventHandler.RunEventFromAnotherThread
at Verse.LongEventHandler+<>c.<UpdateCurrentAsynchronousEvent>b__28_0
at System.Threading.ThreadHelper.ThreadStart_Context
at System.Threading.ExecutionContext.RunInternal
at System.Threading.ExecutionContext.Run
at System.Threading.ExecutionContext.Run
at System.Threading.ThreadHelper.ThreadStart
<color=#B2B2B2>[2026-09-22 08:56:31.862] [WARN] [Vanilla] </color>Could not resolve reference to object with loadID Thing_Megaspider36477 of type Verse.Pawn. Was it compressed away, destroyed, had no ID number, or not saved/loaded right? curParent=Verse.AI.Group.Lord curPathRelToParent=/ownedPawns
at Verse.LoadedObjectDirectory.ObjectWithLoadID
at Verse.CrossRefHandler.TakeResolvedRefList
at Verse.CrossRefHandler.TakeResolvedRefList
at Verse.Scribe_Collections.Look
at Verse.Scribe_Collections.Look
at Verse.Scribe_Collections.Look
at Verse.AI.Group.Lord.ExposeData
at Verse.CrossRefHandler.ResolveAllCrossReferences
at Verse.ScribeLoader.FinalizeLoading
at Verse.Game.LoadGame
at Verse.SavedGameLoaderNow.LoadGameFromSaveFileNow
at Verse.Root_Play+<>c.<Start>b__1_1
at Verse.LongEventHandler.RunEventFromAnotherThread
at Verse.LongEventHandler+<>c.<UpdateCurrentAsynchronousEvent>b__28_0
at System.Threading.ThreadHelper.ThreadStart_Context
at System.Threading.ExecutionContext.RunInternal
at System.Threading.ExecutionContext.Run
at System.Threading.ExecutionContext.Run
at System.Threading.ThreadHelper.ThreadStart
<color=#B2B2B2>[2026-09-22 08:56:31.863] [WARN] [Vanilla] </color>Could not resolve reference to object with loadID Thing_Locust36478 of type Verse.Pawn. Was it compressed away, destroyed, had no ID number, or not saved/loaded right? curParent=Verse.AI.Group.Lord curPathRelToParent=/ownedPawns
at Verse.LoadedObjectDirectory.ObjectWithLoadID
at Verse.CrossRefHandler.TakeResolvedRefList
at Verse.CrossRefHandler.TakeResolvedRefList
at Verse.Scribe_Collections.Look
at Verse.Scribe_Collections.Look
at Verse.Scribe_Collections.Look
at Verse.AI.Group.Lord.ExposeData
at Verse.CrossRefHandler.ResolveAllCrossReferences
at Verse.ScribeLoader.FinalizeLoading
at Verse.Game.LoadGame
at Verse.SavedGameLoaderNow.LoadGameFromSaveFileNow
at Verse.Root_Play+<>c.<Start>b__1_1
at Verse.LongEventHandler.RunEventFromAnotherThread
at Verse.LongEventHandler+<>c.<UpdateCurrentAsynchronousEvent>b__28_0
at System.Threading.ThreadHelper.ThreadStart_Context
at System.Threading.ExecutionContext.RunInternal
at System.Threading.ExecutionContext.Run
at System.Threading.ExecutionContext.Run
at System.Threading.ThreadHelper.ThreadStart
<color=#B2B2B2>[2026-09-22 08:56:31.864] [WARN] [Vanilla] </color>Could not resolve reference to object with loadID Thing_Megascarab36479 of type Verse.Pawn. Was it compressed away, destroyed, had no ID number, or not saved/loaded right? curParent=Verse.AI.Group.Lord curPathRelToParent=/ownedPawns
at Verse.LoadedObjectDirectory.ObjectWithLoadID
at Verse.CrossRefHandler.TakeResolvedRefList
at Verse.CrossRefHandler.TakeResolvedRefList
at Verse.Scribe_Collections.Look
at Verse.Scribe_Collections.Look
at Verse.Scribe_Collections.Look
at Verse.AI.Group.Lord.ExposeData
at Verse.CrossRefHandler.ResolveAllCrossReferences
at Verse.ScribeLoader.FinalizeLoading
at Verse.Game.LoadGame
at Verse.SavedGameLoaderNow.LoadGameFromSaveFileNow
at Verse.Root_Play+<>c.<Start>b__1_1
at Verse.LongEventHandler.RunEventFromAnotherThread
at Verse.LongEventHandler+<>c.<UpdateCurrentAsynchronousEvent>b__28_0
at System.Threading.ThreadHelper.ThreadStart_Context
at System.Threading.ExecutionContext.RunInternal
at System.Threading.ExecutionContext.Run
at System.Threading.ExecutionContext.Run
at System.Threading.ThreadHelper.ThreadStart
<color=#B2B2B2>[2026-09-22 08:56:31.866] [WARN] [Vanilla] </color>Could not resolve reference to object with loadID Thing_Megascarab36480 of type Verse.Pawn. Was it compressed away, destroyed, had no ID number, or not saved/loaded right? curParent=Verse.AI.Group.Lord curPathRelToParent=/ownedPawns
at Verse.LoadedObjectDirectory.ObjectWithLoadID
at Verse.CrossRefHandler.TakeResolvedRefList
at Verse.CrossRefHandler.TakeResolvedRefList
at Verse.Scribe_Collections.Look
at Verse.Scribe_Collections.Look
at Verse.Scribe_Collections.Look
at Verse.AI.Group.Lord.ExposeData
at Verse.CrossRefHandler.ResolveAllCrossReferences
at Verse.ScribeLoader.FinalizeLoading
at Verse.Game.LoadGame
at Verse.SavedGameLoaderNow.LoadGameFromSaveFileNow
at Verse.Root_Play+<>c.<Start>b__1_1
at Verse.LongEventHandler.RunEventFromAnotherThread
at Verse.LongEventHandler+<>c.<UpdateCurrentAsynchronousEvent>b__28_0
at System.Threading.ThreadHelper.ThreadStart_Context
at System.Threading.ExecutionContext.RunInternal
at System.Threading.ExecutionContext.Run
at System.Threading.ExecutionContext.Run
at System.Threading.ThreadHelper.ThreadStart
<color=#B2B2B2>[2026-09-22 08:56:31.868] [WARN] [Vanilla] </color>Could not resolve reference to object with loadID Thing_Megaspider36481 of type Verse.Pawn. Was it compressed away, destroyed, had no ID number, or not saved/loaded right? curParent=Verse.AI.Group.Lord curPathRelToParent=/ownedPawns
at Verse.LoadedObjectDirectory.ObjectWithLoadID
at Verse.CrossRefHandler.TakeResolvedRefList
at Verse.CrossRefHandler.TakeResolvedRefList
at Verse.Scribe_Collections.Look
at Verse.Scribe_Collections.Look
at Verse.Scribe_Collections.Look
at Verse.AI.Group.Lord.ExposeData
at Verse.CrossRefHandler.ResolveAllCrossReferences
at Verse.ScribeLoader.FinalizeLoading
at Verse.Game.LoadGame
at Verse.SavedGameLoaderNow.LoadGameFromSaveFileNow
at Verse.Root_Play+<>c.<Start>b__1_1
at Verse.LongEventHandler.RunEventFromAnotherThread
at Verse.LongEventHandler+<>c.<UpdateCurrentAsynchronousEvent>b__28_0
at System.Threading.ThreadHelper.ThreadStart_Context
at System.Threading.ExecutionContext.RunInternal
at System.Threading.ExecutionContext.Run
at System.Threading.ExecutionContext.Run
at System.Threading.ThreadHelper.ThreadStart
<color=#B2B2B2>[2026-09-22 08:56:31.869] [WARN] [Vanilla] </color>Could not resolve reference to object with loadID Thing_Megascarab36482 of type Verse.Pawn. Was it compressed away, destroyed, had no ID number, or not saved/loaded right? curParent=Verse.AI.Group.Lord curPathRelToParent=/ownedPawns
at Verse.LoadedObjectDirectory.ObjectWithLoadID
at Verse.CrossRefHandler.TakeResolvedRefList
at Verse.CrossRefHandler.TakeResolvedRefList
at Verse.Scribe_Collections.Look
at Verse.Scribe_Collections.Look
at Verse.Scribe_Collections.Look
at Verse.AI.Group.Lord.ExposeData
at Verse.CrossRefHandler.ResolveAllCrossReferences
at Verse.ScribeLoader.FinalizeLoading
at Verse.Game.LoadGame
at Verse.SavedGameLoaderNow.LoadGameFromSaveFileNow
at Verse.Root_Play+<>c.<Start>b__1_1
at Verse.LongEventHandler.RunEventFromAnotherThread
at Verse.LongEventHandler+<>c.<UpdateCurrentAsynchronousEvent>b__28_0
at System.Threading.ThreadHelper.ThreadStart_Context
at System.Threading.ExecutionContext.RunInternal
at System.Threading.ExecutionContext.Run
at System.Threading.ExecutionContext.Run
at System.Threading.ThreadHelper.ThreadStart
Unloading 0 Unused Serialized files (Serialized files now loaded: 5)
Unloading 1 unused Assets to reduce memory usage. Loaded Objects now: 32597.
Total: 347.619334 ms (FindLiveObjects: 2.438611 ms CreateObjectMapping: 5.680951 ms MarkObjects: 339.395204 ms  DeleteObjects: 0.103305 ms)

<color=#A5C2A5>[2026-09-22 08:56:48.578] [INFO] [Pickle] [home/runner/work/Rimworld-Pickle/Rimworld-Pickle/Source/Pickle/Run/RunSession:264] </color>passed in 72052ms: Flower meadow screenshot studio: Build the meadow and verify that the studio survives a save reload {mod_id=rimworks.pickle}
at RimWorks.Pickle.Run.RunSession.LogScenarioProgress (home/runner/work/Rimworld-Pickle/Rimworld-Pickle/Source/Pickle/Run/RunSession:264)
at RimWorks.Pickle.Run.RunSession+<RunFeature>d__78.MoveNext (home/runner/work/Rimworld-Pickle/Rimworld-Pickle/Source/Pickle/Run/RunSession:229)
at System.Runtime.CompilerServices.AsyncMethodBuilderCore+MoveNextRunner.InvokeMoveNext
at System.Threading.ExecutionContext.RunInternal
at System.Threading.ExecutionContext.Run
at System.Runtime.CompilerServices.AsyncMethodBuilderCore+MoveNextRunner.Run
at System.Threading.Tasks.AwaitTaskContinuation.InvokeAction
at System.Threading.Tasks.AwaitTaskContinuation.RunCallback
at System.Threading.Tasks.SynchronizationContextAwaitTaskContinuation.Run
at System.Threading.Tasks.Task.FinishContinuations
at System.Threading.Tasks.Task.FinishStageThree
at System.Threading.Tasks.Task`1[[RimWorks.Pickle.Core.Run.ScenarioResult, RimWorks.Pickle.Core, Version=4.8.3.0, Culture=neutral, PublicKeyToken=null]].TrySetResult
at System.Runtime.CompilerServices.AsyncTaskMethodBuilder`1[[RimWorks.Pickle.Core.Run.ScenarioResult, RimWorks.Pickle.Core, Version=4.8.3.0, Culture=neutral, PublicKeyToken=null]].SetResult
at RimWorks.Pickle.Run.RunSession+<RunWithRetries>d__85.MoveNext (home/runner/work/Rimworld-Pickle/Rimworld-Pickle/Source/Pickle/Run/RunSession:350)
at System.Runtime.CompilerServices.AsyncMethodBuilderCore+MoveNextRunner.InvokeMoveNext
at System.Threading.ExecutionContext.RunInternal
at System.Threading.ExecutionContext.Run
at System.Runtime.CompilerServices.AsyncMethodBuilderCore+MoveNextRunner.Run
at System.Threading.Tasks.AwaitTaskContinuation.InvokeAction
at System.Threading.Tasks.AwaitTaskContinuation.RunCallback
at System.Threading.Tasks.SynchronizationContextAwaitTaskContinuation.Run
at System.Threading.Tasks.Task.FinishContinuations
at System.Threading.Tasks.Task.FinishStageThree
at System.Threading.Tasks.Task`1[[RimWorks.Pickle.Core.Run.ScenarioResult, RimWorks.Pickle.Core, Version=4.8.3.0, Culture=neutral, PublicKeyToken=null]].TrySetResult
at System.Runtime.CompilerServices.AsyncTaskMethodBuilder`1[[RimWorks.Pickle.Core.Run.ScenarioResult, RimWorks.Pickle.Core, Version=4.8.3.0, Culture=neutral, PublicKeyToken=null]].SetResult
at RimWorks.Pickle.Run.RunSession+<RunScenario>d__86.MoveNext (home/runner/work/Rimworld-Pickle/Rimworld-Pickle/Source/Pickle/Run/RunSession:498)
at System.Runtime.CompilerServices.AsyncMethodBuilderCore+MoveNextRunner.InvokeMoveNext
at System.Threading.ExecutionContext.RunInternal
at System.Threading.ExecutionContext.Run
at System.Runtime.CompilerServices.AsyncMethodBuilderCore+MoveNextRunner.Run
at System.Threading.Tasks.AwaitTaskContinuation.InvokeAction
at System.Threading.Tasks.AwaitTaskContinuation.RunCallback
at System.Threading.Tasks.SynchronizationContextAwaitTaskContinuation.Run
at System.Threading.Tasks.Task.FinishContinuations
at System.Threading.Tasks.Task.FinishStageThree
at System.Threading.Tasks.Task`1[[RimWorks.Pickle.Core.Run.StepResult, RimWorks.Pickle.Core, Version=4.8.3.0, Culture=neutral, PublicKeyToken=null]].TrySetResult
at System.Runtime.CompilerServices.AsyncTaskMethodBuilder`1[[RimWorks.Pickle.Core.Run.StepResult, RimWorks.Pickle.Core, Version=4.8.3.0, Culture=neutral, PublicKeyToken=null]].SetResult
at RimWorks.Pickle.Run.RunSession+<RunStep>d__87.MoveNext (home/runner/work/Rimworld-Pickle/Rimworld-Pickle/Source/Pickle/Run/RunSession:604)
at System.Runtime.CompilerServices.AsyncMethodBuilderCore+MoveNextRunner.InvokeMoveNext
at System.Threading.ExecutionContext.RunInternal
at System.Threading.ExecutionContext.Run
at System.Runtime.CompilerServices.AsyncMethodBuilderCore+MoveNextRunner.Run
at RimWorks.Pickle.Runtime.PickleDriver.Resolve (home/runner/work/Rimworld-Pickle/Rimworld-Pickle/Source/Pickle/Runtime/PickleDriver:406)
at RimWorks.Pickle.Runtime.PickleDriver.ScanWaits (home/runner/work/Rimworld-Pickle/Rimworld-Pickle/Source/Pickle/Runtime/PickleDriver:387)
at RimWorks.Pickle.Runtime.PickleDriver.Update (home/runner/work/Rimworld-Pickle/Rimworld-Pickle/Source/Pickle/Runtime/PickleDriver:359)
<color=#A5C2A5>[2026-09-22 08:56:48.579] [INFO] [Pickle] [home/runner/work/Rimworld-Pickle/Rimworld-Pickle/Source/Pickle/Run/RunSession:246] </color>run finished: 1 passed, 0 failed, 0 skipped {mod_id=rimworks.pickle}
at RimWorks.Pickle.Run.RunSession+<RunFeature>d__78.MoveNext (home/runner/work/Rimworld-Pickle/Rimworld-Pickle/Source/Pickle/Run/RunSession:246)
at System.Runtime.CompilerServices.AsyncMethodBuilderCore+MoveNextRunner.InvokeMoveNext
at System.Threading.ExecutionContext.RunInternal
at System.Threading.ExecutionContext.Run
at System.Runtime.CompilerServices.AsyncMethodBuilderCore+MoveNextRunner.Run
at System.Threading.Tasks.AwaitTaskContinuation.InvokeAction
at System.Threading.Tasks.AwaitTaskContinuation.RunCallback
at System.Threading.Tasks.SynchronizationContextAwaitTaskContinuation.Run
at System.Threading.Tasks.Task.FinishContinuations
at System.Threading.Tasks.Task.FinishStageThree
at System.Threading.Tasks.Task`1[[RimWorks.Pickle.Core.Run.ScenarioResult, RimWorks.Pickle.Core, Version=4.8.3.0, Culture=neutral, PublicKeyToken=null]].TrySetResult
at System.Runtime.CompilerServices.AsyncTaskMethodBuilder`1[[RimWorks.Pickle.Core.Run.ScenarioResult, RimWorks.Pickle.Core, Version=4.8.3.0, Culture=neutral, PublicKeyToken=null]].SetResult
at RimWorks.Pickle.Run.RunSession+<RunWithRetries>d__85.MoveNext (home/runner/work/Rimworld-Pickle/Rimworld-Pickle/Source/Pickle/Run/RunSession:350)
at System.Runtime.CompilerServices.AsyncMethodBuilderCore+MoveNextRunner.InvokeMoveNext
at System.Threading.ExecutionContext.RunInternal
at System.Threading.ExecutionContext.Run
at System.Runtime.CompilerServices.AsyncMethodBuilderCore+MoveNextRunner.Run
at System.Threading.Tasks.AwaitTaskContinuation.InvokeAction
at System.Threading.Tasks.AwaitTaskContinuation.RunCallback
at System.Threading.Tasks.SynchronizationContextAwaitTaskContinuation.Run
at System.Threading.Tasks.Task.FinishContinuations
at System.Threading.Tasks.Task.FinishStageThree
at System.Threading.Tasks.Task`1[[RimWorks.Pickle.Core.Run.ScenarioResult, RimWorks.Pickle.Core, Version=4.8.3.0, Culture=neutral, PublicKeyToken=null]].TrySetResult
at System.Runtime.CompilerServices.AsyncTaskMethodBuilder`1[[RimWorks.Pickle.Core.Run.ScenarioResult, RimWorks.Pickle.Core, Version=4.8.3.0, Culture=neutral, PublicKeyToken=null]].SetResult
at RimWorks.Pickle.Run.RunSession+<RunScenario>d__86.MoveNext (home/runner/work/Rimworld-Pickle/Rimworld-Pickle/Source/Pickle/Run/RunSession:498)
at System.Runtime.CompilerServices.AsyncMethodBuilderCore+MoveNextRunner.InvokeMoveNext
at System.Threading.ExecutionContext.RunInternal
at System.Threading.ExecutionContext.Run
at System.Runtime.CompilerServices.AsyncMethodBuilderCore+MoveNextRunner.Run
at System.Threading.Tasks.AwaitTaskContinuation.InvokeAction
at System.Threading.Tasks.AwaitTaskContinuation.RunCallback
at System.Threading.Tasks.SynchronizationContextAwaitTaskContinuation.Run
at System.Threading.Tasks.Task.FinishContinuations
at System.Threading.Tasks.Task.FinishStageThree
at System.Threading.Tasks.Task`1[[RimWorks.Pickle.Core.Run.StepResult, RimWorks.Pickle.Core, Version=4.8.3.0, Culture=neutral, PublicKeyToken=null]].TrySetResult
at System.Runtime.CompilerServices.AsyncTaskMethodBuilder`1[[RimWorks.Pickle.Core.Run.StepResult, RimWorks.Pickle.Core, Version=4.8.3.0, Culture=neutral, PublicKeyToken=null]].SetResult
at RimWorks.Pickle.Run.RunSession+<RunStep>d__87.MoveNext (home/runner/work/Rimworld-Pickle/Rimworld-Pickle/Source/Pickle/Run/RunSession:604)
at System.Runtime.CompilerServices.AsyncMethodBuilderCore+MoveNextRunner.InvokeMoveNext
at System.Threading.ExecutionContext.RunInternal
at System.Threading.ExecutionContext.Run
at System.Runtime.CompilerServices.AsyncMethodBuilderCore+MoveNextRunner.Run
at RimWorks.Pickle.Runtime.PickleDriver.Resolve (home/runner/work/Rimworld-Pickle/Rimworld-Pickle/Source/Pickle/Runtime/PickleDriver:406)
at RimWorks.Pickle.Runtime.PickleDriver.ScanWaits (home/runner/work/Rimworld-Pickle/Rimworld-Pickle/Source/Pickle/Runtime/PickleDriver:387)
at RimWorks.Pickle.Runtime.PickleDriver.Update (home/runner/work/Rimworld-Pickle/Rimworld-Pickle/Source/Pickle/Runtime/PickleDriver:359)
<color=#A5C2A5>[2026-09-22 08:56:48.584] [INFO] [Pickle] [home/runner/work/Rimworld-Pickle/Rimworld-Pickle/Source/Pickle/Runtime/SuiteRunner:81] </color>suite passed {mod_id=rimworks.pickle}
at RimWorks.Pickle.Runtime.SuiteRunner+<Run>d__0.MoveNext (home/runner/work/Rimworld-Pickle/Rimworld-Pickle/Source/Pickle/Runtime/SuiteRunner:81)
at System.Runtime.CompilerServices.AsyncMethodBuilderCore+MoveNextRunner.InvokeMoveNext
at System.Threading.ExecutionContext.RunInternal
at System.Threading.ExecutionContext.Run
at System.Runtime.CompilerServices.AsyncMethodBuilderCore+MoveNextRunner.Run
at System.Threading.Tasks.AwaitTaskContinuation.InvokeAction
at System.Threading.Tasks.AwaitTaskContinuation.RunCallback
at System.Threading.Tasks.SynchronizationContextAwaitTaskContinuation.Run
at System.Threading.Tasks.Task.FinishContinuations
at System.Threading.Tasks.Task.FinishStageThree
at System.Threading.Tasks.Task`1[[System.Collections.Generic.List`1[[RimWorks.Pickle.Core.Run.ScenarioResult, RimWorks.Pickle.Core, Version=4.8.3.0, Culture=neutral, PublicKeyToken=null]], mscorlib, Version=4.0.0.0, Culture=neutral, PublicKeyToken=b77a5c561934e089]].TrySetResult
at System.Runtime.CompilerServices.AsyncTaskMethodBuilder`1[[System.Collections.Generic.List`1[[RimWorks.Pickle.Core.Run.ScenarioResult, RimWorks.Pickle.Core, Version=4.8.3.0, Culture=neutral, PublicKeyToken=null]], mscorlib, Version=4.0.0.0, Culture=neutral, PublicKeyToken=b77a5c561934e089]].SetResult
at RimWorks.Pickle.Run.RunSession+<RunFeature>d__78.MoveNext (home/runner/work/Rimworld-Pickle/Rimworld-Pickle/Source/Pickle/Run/RunSession:251)
at System.Runtime.CompilerServices.AsyncMethodBuilderCore+MoveNextRunner.InvokeMoveNext
at System.Threading.ExecutionContext.RunInternal
at System.Threading.ExecutionContext.Run
at System.Runtime.CompilerServices.AsyncMethodBuilderCore+MoveNextRunner.Run
at System.Threading.Tasks.AwaitTaskContinuation.InvokeAction
at System.Threading.Tasks.AwaitTaskContinuation.RunCallback
at System.Threading.Tasks.SynchronizationContextAwaitTaskContinuation.Run
at System.Threading.Tasks.Task.FinishContinuations
at System.Threading.Tasks.Task.FinishStageThree
at System.Threading.Tasks.Task`1[[RimWorks.Pickle.Core.Run.ScenarioResult, RimWorks.Pickle.Core, Version=4.8.3.0, Culture=neutral, PublicKeyToken=null]].TrySetResult
at System.Runtime.CompilerServices.AsyncTaskMethodBuilder`1[[RimWorks.Pickle.Core.Run.ScenarioResult, RimWorks.Pickle.Core, Version=4.8.3.0, Culture=neutral, PublicKeyToken=null]].SetResult
at RimWorks.Pickle.Run.RunSession+<RunWithRetries>d__85.MoveNext (home/runner/work/Rimworld-Pickle/Rimworld-Pickle/Source/Pickle/Run/RunSession:350)
at System.Runtime.CompilerServices.AsyncMethodBuilderCore+MoveNextRunner.InvokeMoveNext
at System.Threading.ExecutionContext.RunInternal
at System.Threading.ExecutionContext.Run
at System.Runtime.CompilerServices.AsyncMethodBuilderCore+MoveNextRunner.Run
at System.Threading.Tasks.AwaitTaskContinuation.InvokeAction
at System.Threading.Tasks.AwaitTaskContinuation.RunCallback
at System.Threading.Tasks.SynchronizationContextAwaitTaskContinuation.Run
at System.Threading.Tasks.Task.FinishContinuations
at System.Threading.Tasks.Task.FinishStageThree
at System.Threading.Tasks.Task`1[[RimWorks.Pickle.Core.Run.ScenarioResult, RimWorks.Pickle.Core, Version=4.8.3.0, Culture=neutral, PublicKeyToken=null]].TrySetResult
at System.Runtime.CompilerServices.AsyncTaskMethodBuilder`1[[RimWorks.Pickle.Core.Run.ScenarioResult, RimWorks.Pickle.Core, Version=4.8.3.0, Culture=neutral, PublicKeyToken=null]].SetResult
at RimWorks.Pickle.Run.RunSession+<RunScenario>d__86.MoveNext (home/runner/work/Rimworld-Pickle/Rimworld-Pickle/Source/Pickle/Run/RunSession:498)
at System.Runtime.CompilerServices.AsyncMethodBuilderCore+MoveNextRunner.InvokeMoveNext
at System.Threading.ExecutionContext.RunInternal
at System.Threading.ExecutionContext.Run
at System.Runtime.CompilerServices.AsyncMethodBuilderCore+MoveNextRunner.Run
at System.Threading.Tasks.AwaitTaskContinuation.InvokeAction
at System.Threading.Tasks.AwaitTaskContinuation.RunCallback
at System.Threading.Tasks.SynchronizationContextAwaitTaskContinuation.Run
at System.Threading.Tasks.Task.FinishContinuations
at System.Threading.Tasks.Task.FinishStageThree
at System.Threading.Tasks.Task`1[[RimWorks.Pickle.Core.Run.StepResult, RimWorks.Pickle.Core, Version=4.8.3.0, Culture=neutral, PublicKeyToken=null]].TrySetResult
at System.Runtime.CompilerServices.AsyncTaskMethodBuilder`1[[RimWorks.Pickle.Core.Run.StepResult, RimWorks.Pickle.Core, Version=4.8.3.0, Culture=neutral, PublicKeyToken=null]].SetResult
at RimWorks.Pickle.Run.RunSession+<RunStep>d__87.MoveNext (home/runner/work/Rimworld-Pickle/Rimworld-Pickle/Source/Pickle/Run/RunSession:604)
at System.Runtime.CompilerServices.AsyncMethodBuilderCore+MoveNextRunner.InvokeMoveNext
at System.Threading.ExecutionContext.RunInternal
at System.Threading.ExecutionContext.Run
at System.Runtime.CompilerServices.AsyncMethodBuilderCore+MoveNextRunner.Run
at RimWorks.Pickle.Runtime.PickleDriver.Resolve (home/runner/work/Rimworld-Pickle/Rimworld-Pickle/Source/Pickle/Runtime/PickleDriver:406)
at RimWorks.Pickle.Runtime.PickleDriver.ScanWaits (home/runner/work/Rimworld-Pickle/Rimworld-Pickle/Source/Pickle/Runtime/PickleDriver:387)
at RimWorks.Pickle.Runtime.PickleDriver.Update (home/runner/work/Rimworld-Pickle/Rimworld-Pickle/Source/Pickle/Runtime/PickleDriver:359)
<color=#A5C2A5>[2026-09-22 08:56:56.350] [INFO] [Pickle] [home/runner/work/Rimworld-Pickle/Rimworld-Pickle/Source/Pickle/Autorun/AutorunBootstrap:147] </color>autorun exit code = 0 {mod_id=rimworks.pickle}
at RimWorks.Pickle.Autorun.AutorunBootstrap+<RunAutorun>d__4.MoveNext (home/runner/work/Rimworld-Pickle/Rimworld-Pickle/Source/Pickle/Autorun/AutorunBootstrap:147)
at System.Runtime.CompilerServices.AsyncMethodBuilderCore+MoveNextRunner.InvokeMoveNext
at System.Threading.ExecutionContext.RunInternal
at System.Threading.ExecutionContext.Run
at System.Runtime.CompilerServices.AsyncMethodBuilderCore+MoveNextRunner.Run
at System.Threading.Tasks.AwaitTaskContinuation.InvokeAction
at System.Threading.Tasks.AwaitTaskContinuation.RunCallback
at System.Threading.Tasks.SynchronizationContextAwaitTaskContinuation.Run
at System.Threading.Tasks.Task.FinishContinuations
at System.Threading.Tasks.Task.FinishStageThree
at System.Threading.Tasks.Task`1[[System.Collections.Generic.List`1[[RimWorks.Pickle.Core.Run.ScenarioResult, RimWorks.Pickle.Core, Version=4.8.3.0, Culture=neutral, PublicKeyToken=null]], mscorlib, Version=4.0.0.0, Culture=neutral, PublicKeyToken=b77a5c561934e089]].TrySetResult
at System.Runtime.CompilerServices.AsyncTaskMethodBuilder`1[[System.Collections.Generic.List`1[[RimWorks.Pickle.Core.Run.ScenarioResult, RimWorks.Pickle.Core, Version=4.8.3.0, Culture=neutral, PublicKeyToken=null]], mscorlib, Version=4.0.0.0, Culture=neutral, PublicKeyToken=b77a5c561934e089]].SetResult
at RimWorks.Pickle.Runtime.SuiteRunner+<Run>d__0.MoveNext (home/runner/work/Rimworld-Pickle/Rimworld-Pickle/Source/Pickle/Runtime/SuiteRunner:97)
at System.Runtime.CompilerServices.AsyncMethodBuilderCore+MoveNextRunner.InvokeMoveNext
at System.Threading.ExecutionContext.RunInternal
at System.Threading.ExecutionContext.Run
at System.Runtime.CompilerServices.AsyncMethodBuilderCore+MoveNextRunner.Run
at System.Threading.Tasks.AwaitTaskContinuation.InvokeAction
at System.Threading.Tasks.AwaitTaskContinuation.RunCallback
at System.Threading.Tasks.SynchronizationContextAwaitTaskContinuation.Run
at System.Threading.Tasks.Task.FinishContinuations
at System.Threading.Tasks.Task.FinishStageThree
at System.Threading.Tasks.Task`1[[System.Collections.Generic.List`1[[RimWorks.Pickle.Core.Run.ScenarioResult, RimWorks.Pickle.Core, Version=4.8.3.0, Culture=neutral, PublicKeyToken=null]], mscorlib, Version=4.0.0.0, Culture=neutral, PublicKeyToken=b77a5c561934e089]].TrySetResult
at System.Runtime.CompilerServices.AsyncTaskMethodBuilder`1[[System.Collections.Generic.List`1[[RimWorks.Pickle.Core.Run.ScenarioResult, RimWorks.Pickle.Core, Version=4.8.3.0, Culture=neutral, PublicKeyToken=null]], mscorlib, Version=4.0.0.0, Culture=neutral, PublicKeyToken=b77a5c561934e089]].SetResult
at RimWorks.Pickle.Run.RunSession+<RunFeature>d__78.MoveNext (home/runner/work/Rimworld-Pickle/Rimworld-Pickle/Source/Pickle/Run/RunSession:251)
at System.Runtime.CompilerServices.AsyncMethodBuilderCore+MoveNextRunner.InvokeMoveNext
at System.Threading.ExecutionContext.RunInternal
at System.Threading.ExecutionContext.Run
at System.Runtime.CompilerServices.AsyncMethodBuilderCore+MoveNextRunner.Run
at System.Threading.Tasks.AwaitTaskContinuation.InvokeAction
at System.Threading.Tasks.AwaitTaskContinuation.RunCallback
at System.Threading.Tasks.SynchronizationContextAwaitTaskContinuation.Run
at System.Threading.Tasks.Task.FinishContinuations
at System.Threading.Tasks.Task.FinishStageThree
at System.Threading.Tasks.Task`1[[RimWorks.Pickle.Core.Run.ScenarioResult, RimWorks.Pickle.Core, Version=4.8.3.0, Culture=neutral, PublicKeyToken=null]].TrySetResult
at System.Runtime.CompilerServices.AsyncTaskMethodBuilder`1[[RimWorks.Pickle.Core.Run.ScenarioResult, RimWorks.Pickle.Core, Version=4.8.3.0, Culture=neutral, PublicKeyToken=null]].SetResult
at RimWorks.Pickle.Run.RunSession+<RunWithRetries>d__85.MoveNext (home/runner/work/Rimworld-Pickle/Rimworld-Pickle/Source/Pickle/Run/RunSession:350)
at System.Runtime.CompilerServices.AsyncMethodBuilderCore+MoveNextRunner.InvokeMoveNext
at System.Threading.ExecutionContext.RunInternal
at System.Threading.ExecutionContext.Run
at System.Runtime.CompilerServices.AsyncMethodBuilderCore+MoveNextRunner.Run
at System.Threading.Tasks.AwaitTaskContinuation.InvokeAction
at System.Threading.Tasks.AwaitTaskContinuation.RunCallback
at System.Threading.Tasks.SynchronizationContextAwaitTaskContinuation.Run
at System.Threading.Tasks.Task.FinishContinuations
at System.Threading.Tasks.Task.FinishStageThree
at System.Threading.Tasks.Task`1[[RimWorks.Pickle.Core.Run.ScenarioResult, RimWorks.Pickle.Core, Version=4.8.3.0, Culture=neutral, PublicKeyToken=null]].TrySetResult
at System.Runtime.CompilerServices.AsyncTaskMethodBuilder`1[[RimWorks.Pickle.Core.Run.ScenarioResult, RimWorks.Pickle.Core, Version=4.8.3.0, Culture=neutral, PublicKeyToken=null]].SetResult
at RimWorks.Pickle.Run.RunSession+<RunScenario>d__86.MoveNext (home/runner/work/Rimworld-Pickle/Rimworld-Pickle/Source/Pickle/Run/RunSession:498)
at System.Runtime.CompilerServices.AsyncMethodBuilderCore+MoveNextRunner.InvokeMoveNext
at System.Threading.ExecutionContext.RunInternal
at System.Threading.ExecutionContext.Run
at System.Runtime.CompilerServices.AsyncMethodBuilderCore+MoveNextRunner.Run
at System.Threading.Tasks.AwaitTaskContinuation.InvokeAction
at System.Threading.Tasks.AwaitTaskContinuation.RunCallback
at System.Threading.Tasks.SynchronizationContextAwaitTaskContinuation.Run
at System.Threading.Tasks.Task.FinishContinuations
at System.Threading.Tasks.Task.FinishStageThree
at System.Threading.Tasks.Task`1[[RimWorks.Pickle.Core.Run.StepResult, RimWorks.Pickle.Core, Version=4.8.3.0, Culture=neutral, PublicKeyToken=null]].TrySetResult
at System.Runtime.CompilerServices.AsyncTaskMethodBuilder`1[[RimWorks.Pickle.Core.Run.StepResult, RimWorks.Pickle.Core, Version=4.8.3.0, Culture=neutral, PublicKeyToken=null]].SetResult
at RimWorks.Pickle.Run.RunSession+<RunStep>d__87.MoveNext (home/runner/work/Rimworld-Pickle/Rimworld-Pickle/Source/Pickle/Run/RunSession:604)
at System.Runtime.CompilerServices.AsyncMethodBuilderCore+MoveNextRunner.InvokeMoveNext
at System.Threading.ExecutionContext.RunInternal
at System.Threading.ExecutionContext.Run
at System.Runtime.CompilerServices.AsyncMethodBuilderCore+MoveNextRunner.Run
at RimWorks.Pickle.Runtime.PickleDriver.Resolve (home/runner/work/Rimworld-Pickle/Rimworld-Pickle/Source/Pickle/Runtime/PickleDriver:406)
at RimWorks.Pickle.Runtime.PickleDriver.ScanWaits (home/runner/work/Rimworld-Pickle/Rimworld-Pickle/Source/Pickle/Runtime/PickleDriver:387)
at RimWorks.Pickle.Runtime.PickleDriver.Update (home/runner/work/Rimworld-Pickle/Rimworld-Pickle/Source/Pickle/Runtime/PickleDriver:359)
Memory Statistics:
[ALLOC_TEMP_TLS] TLS Allocator
  StackAllocators : 
    [ALLOC_TEMP_MAIN]
      Peak usage frame count: [0-1.0 KB]: 251 frames, [1.0 KB-2.0 KB]: 7 frames, [2.0 KB-4.0 KB]: 56 frames, [4.0 KB-8.0 KB]: 5 frames, [8.0 KB-16.0 KB]: 4 frames, [32.0 KB-64.0 KB]: 1 frames, [128.0 KB-256.0 KB]: 1 frames, [256.0 KB-0.5 MB]: 1 frames, [2.0 MB-4.0 MB]: 5 frames, [4.0 MB-8.0 MB]: 10 frames
      Initial Block Size 4.0 MB
      Current Block Size 5.2 MB
      Peak Allocated Bytes 5.2 MB
      Overflow Count 3
    [ALLOC_TEMP_Loading.AsyncRead]
      Initial Block Size 64.0 KB
      Current Block Size 120.0 KB
      Peak Allocated Bytes 117.2 KB
      Overflow Count 0
    [ALLOC_TEMP_Loading.PreloadManager]
      Initial Block Size 256.0 KB
      Current Block Size 256.0 KB
      Peak Allocated Bytes 6.4 KB
      Overflow Count 12
    [ALLOC_TEMP_Background Job.Worker 8]
      Initial Block Size 32.0 KB
      Current Block Size 32.0 KB
      Peak Allocated Bytes 0 B
      Overflow Count 0
    [ALLOC_TEMP_Job.Worker 6]
      Initial Block Size 256.0 KB
      Current Block Size 256.0 KB
      Peak Allocated Bytes 0 B
      Overflow Count 0
    [ALLOC_TEMP_Job.Worker 0]
      Initial Block Size 256.0 KB
      Current Block Size 256.0 KB
      Peak Allocated Bytes 0 B
      Overflow Count 0
    [ALLOC_TEMP_Background Job.Worker 10]
      Initial Block Size 32.0 KB
      Current Block Size 32.0 KB
      Peak Allocated Bytes 0 B
      Overflow Count 0
    [ALLOC_TEMP_Background Job.Worker 9]
      Initial Block Size 32.0 KB
      Current Block Size 32.0 KB
      Peak Allocated Bytes 0 B
      Overflow Count 0
    [ALLOC_TEMP_Job.Worker 5]
      Initial Block Size 256.0 KB
      Current Block Size 256.0 KB
      Peak Allocated Bytes 0 B
      Overflow Count 0
    [ALLOC_TEMP_Background Job.Worker 14]
      Initial Block Size 32.0 KB
      Current Block Size 32.0 KB
      Peak Allocated Bytes 0 B
      Overflow Count 0
    [ALLOC_TEMP_Background Job.Worker 6]
      Initial Block Size 32.0 KB
      Current Block Size 32.0 KB
      Peak Allocated Bytes 0 B
      Overflow Count 0
    [ALLOC_TEMP_Job.Worker 4]
      Initial Block Size 256.0 KB
      Current Block Size 256.0 KB
      Peak Allocated Bytes 0 B
      Overflow Count 0
    [ALLOC_TEMP_Job.Worker 14]
      Initial Block Size 256.0 KB
      Current Block Size 256.0 KB
      Peak Allocated Bytes 0 B
      Overflow Count 0
    [ALLOC_TEMP_Job.Worker 3]
      Initial Block Size 256.0 KB
      Current Block Size 256.0 KB
      Peak Allocated Bytes 0 B
      Overflow Count 0
    [ALLOC_TEMP_Job.Worker 13]
      Initial Block Size 256.0 KB
      Current Block Size 256.0 KB
      Peak Allocated Bytes 0 B
      Overflow Count 0
    [ALLOC_TEMP_Background Job.Worker 12]
      Initial Block Size 32.0 KB
      Current Block Size 32.0 KB
      Peak Allocated Bytes 0 B
      Overflow Count 0
    [ALLOC_TEMP_EnlightenWorker] x 8
      Initial Block Size 64.0 KB
      Current Block Size 64.0 KB
      Peak Allocated Bytes 0 B
      Overflow Count 0
    [ALLOC_TEMP_Background Job.Worker 15]
      Initial Block Size 32.0 KB
      Current Block Size 32.0 KB
      Peak Allocated Bytes 0 B
      Overflow Count 0
    [ALLOC_TEMP_Background Job.Worker 1]
      Initial Block Size 32.0 KB
      Current Block Size 32.0 KB
      Peak Allocated Bytes 0 B
      Overflow Count 0
    [ALLOC_TEMP_Background Job.Worker 2]
      Initial Block Size 32.0 KB
      Current Block Size 32.0 KB
      Peak Allocated Bytes 0 B
      Overflow Count 0
    [ALLOC_TEMP_Background Job.Worker 7]
      Initial Block Size 32.0 KB
      Current Block Size 32.0 KB
      Peak Allocated Bytes 0 B
      Overflow Count 0
    [ALLOC_TEMP_UnityGfxDeviceWorker]
      Initial Block Size 256.0 KB
      Current Block Size 256.0 KB
      Peak Allocated Bytes 64.0 KB
      Overflow Count 6
    [ALLOC_TEMP_AssetGarbageCollectorHelper] x 15
      Initial Block Size 64.0 KB
      Current Block Size 64.0 KB
      Peak Allocated Bytes 0 B
      Overflow Count 0
    [ALLOC_TEMP_Background Job.Worker 5]
      Initial Block Size 32.0 KB
      Current Block Size 32.0 KB
      Peak Allocated Bytes 0 B
      Overflow Count 0
    [ALLOC_TEMP_Job.Worker 9]
      Initial Block Size 256.0 KB
      Current Block Size 256.0 KB
      Peak Allocated Bytes 0 B
      Overflow Count 0
    [ALLOC_TEMP_Background Job.Worker 13]
      Initial Block Size 32.0 KB
      Current Block Size 32.0 KB
      Peak Allocated Bytes 0 B
      Overflow Count 0
    [ALLOC_TEMP_Job.Worker 8]
      Initial Block Size 256.0 KB
      Current Block Size 256.0 KB
      Peak Allocated Bytes 0 B
      Overflow Count 0
    [ALLOC_TEMP_Job.Worker 7]
      Initial Block Size 256.0 KB
      Current Block Size 256.0 KB
      Peak Allocated Bytes 0 B
      Overflow Count 0
    [ALLOC_TEMP_Job.Worker 1]
      Initial Block Size 256.0 KB
      Current Block Size 256.0 KB
      Peak Allocated Bytes 0.6 KB
      Overflow Count 0
    [ALLOC_TEMP_Job.Worker 2]
      Initial Block Size 256.0 KB
      Current Block Size 256.0 KB
      Peak Allocated Bytes 0 B
      Overflow Count 0
    [ALLOC_TEMP_Background Job.Worker 3]
      Initial Block Size 32.0 KB
      Current Block Size 32.0 KB
      Peak Allocated Bytes 0 B
      Overflow Count 0
    [ALLOC_TEMP_Background Job.Worker 11]
      Initial Block Size 32.0 KB
      Current Block Size 32.0 KB
      Peak Allocated Bytes 0 B
      Overflow Count 0
    [ALLOC_TEMP_Job.Worker 10]
      Initial Block Size 256.0 KB
      Current Block Size 256.0 KB
      Peak Allocated Bytes 0 B
      Overflow Count 0
    [ALLOC_TEMP_Background Job.Worker 0]
      Initial Block Size 32.0 KB
      Current Block Size 32.0 KB
      Peak Allocated Bytes 0 B
      Overflow Count 0
    [ALLOC_TEMP_Job.Worker 11]
      Initial Block Size 256.0 KB
      Current Block Size 256.0 KB
      Peak Allocated Bytes 0 B
      Overflow Count 0
    [ALLOC_TEMP_Job.Worker 12]
      Initial Block Size 256.0 KB
      Current Block Size 256.0 KB
      Peak Allocated Bytes 0 B
      Overflow Count 0
    [ALLOC_TEMP_Background Job.Worker 4]
      Initial Block Size 32.0 KB
      Current Block Size 32.0 KB
      Peak Allocated Bytes 0 B
      Overflow Count 0
    [ALLOC_TEMP_BatchDeleteObjects]
      Initial Block Size 64.0 KB
      Current Block Size 64.0 KB
      Peak Allocated Bytes 0 B
      Overflow Count 0
[ALLOC_DEFAULT] Dual Thread Allocator
  Peak main deferred allocation count 12295
    [ALLOC_BUCKET]
      Large Block size 4.0 MB
      Used Block count 1
      Peak Allocated bytes 4.0 MB
      Failed Allocations. Bucket layout:
        16B: 4 Subsections = 4096 buckets. Failed count: 24255
        32B: 30 Subsections = 15360 buckets. Failed count: 44004
        48B: 34 Subsections = 11605 buckets. Failed count: 46023
        64B: 89 Subsections = 22784 buckets. Failed count: 58867
        80B: 82 Subsections = 16793 buckets. Failed count: 18287
        96B: 6 Subsections = 1024 buckets. Failed count: 52942
        112B: 7 Subsections = 1024 buckets. Failed count: 6330
        128B: 4 Subsections = 512 buckets. Failed count: 8317
    [ALLOC_DEFAULT_MAIN]
      Peak usage frame count: [16.0 MB-32.0 MB]: 149 frames, [32.0 MB-64.0 MB]: 1 frames, [128.0 MB-256.0 MB]: 191 frames
      Requested Block Size 16.0 MB
      Peak Block count 12
      Peak Allocated memory 195.3 MB
      Peak Large allocation bytes 47.2 MB
    [ALLOC_DEFAULT_THREAD]
      Peak usage frame count: [4.0 MB-8.0 MB]: 173 frames, [8.0 MB-16.0 MB]: 29 frames, [16.0 MB-32.0 MB]: 16 frames, [32.0 MB-64.0 MB]: 33 frames, [64.0 MB-128.0 MB]: 90 frames
      Requested Block Size 16.0 MB
      Peak Block count 6
      Peak Allocated memory 83.5 MB
      Peak Large allocation bytes 16.0 MB
[ALLOC_TEMP_JOB_1_FRAME]
  Initial Block Size 2.0 MB
  Used Block Count 0
  Overflow Count (too large) 0
  Overflow Count (full) 0
[ALLOC_TEMP_JOB_2_FRAMES]
  Initial Block Size 2.0 MB
  Used Block Count 0
  Overflow Count (too large) 0
  Overflow Count (full) 0
[ALLOC_TEMP_JOB_4_FRAMES (JobTemp)]
  Initial Block Size 2.0 MB
  Used Block Count 1
  Overflow Count (too large) 2
  Overflow Count (full) 0
[ALLOC_TEMP_JOB_ASYNC (Background)]
  Initial Block Size 1.0 MB
  Used Block Count 1
  Overflow Count (too large) 6
  Overflow Count (full) 0
[ALLOC_GFX] Dual Thread Allocator
  Peak main deferred allocation count 10
    [ALLOC_BUCKET]
      Large Block size 4.0 MB
      Used Block count 1
      Peak Allocated bytes 4.0 MB
      Failed Allocations. Bucket layout:
        16B: 4 Subsections = 4096 buckets. Failed count: 24255
        32B: 30 Subsections = 15360 buckets. Failed count: 44004
        48B: 34 Subsections = 11605 buckets. Failed count: 46023
        64B: 89 Subsections = 22784 buckets. Failed count: 58867
        80B: 82 Subsections = 16793 buckets. Failed count: 18287
        96B: 6 Subsections = 1024 buckets. Failed count: 52942
        112B: 7 Subsections = 1024 buckets. Failed count: 6330
        128B: 4 Subsections = 512 buckets. Failed count: 8317
    [ALLOC_GFX_MAIN]
      Peak usage frame count: [64.0 KB-128.0 KB]: 1 frames, [2.0 MB-4.0 MB]: 276 frames, [32.0 MB-64.0 MB]: 18 frames, [64.0 MB-128.0 MB]: 45 frames, [256.0 MB-0.50 GB]: 1 frames
      Requested Block Size 16.0 MB
      Peak Block count 6
      Peak Allocated memory 344.4 MB
      Peak Large allocation bytes 341.0 MB
    [ALLOC_GFX_THREAD]
      Peak usage frame count: [0-1.0 KB]: 159 frames, [1.0 KB-2.0 KB]: 21 frames, [2.0 KB-4.0 KB]: 95 frames, [4.0 KB-8.0 KB]: 5 frames, [8.0 KB-16.0 KB]: 13 frames, [16.0 KB-32.0 KB]: 16 frames, [32.0 KB-64.0 KB]: 32 frames
      Requested Block Size 16.0 MB
      Peak Block count 1
      Peak Allocated memory 42.0 KB
      Peak Large allocation bytes 0 B
[ALLOC_CACHEOBJECTS] Dual Thread Allocator
  Peak main deferred allocation count 94
    [ALLOC_BUCKET]
      Large Block size 4.0 MB
      Used Block count 1
      Peak Allocated bytes 4.0 MB
      Failed Allocations. Bucket layout:
        16B: 4 Subsections = 4096 buckets. Failed count: 24255
        32B: 30 Subsections = 15360 buckets. Failed count: 44004
        48B: 34 Subsections = 11605 buckets. Failed count: 46023
        64B: 89 Subsections = 22784 buckets. Failed count: 58867
        80B: 82 Subsections = 16793 buckets. Failed count: 18287
        96B: 6 Subsections = 1024 buckets. Failed count: 52942
        112B: 7 Subsections = 1024 buckets. Failed count: 6330
        128B: 4 Subsections = 512 buckets. Failed count: 8317
    [ALLOC_CACHEOBJECTS_MAIN]
      Peak usage frame count: [4.0 MB-8.0 MB]: 1 frames, [8.0 MB-16.0 MB]: 149 frames, [16.0 MB-32.0 MB]: 191 frames
      Requested Block Size 4.0 MB
      Peak Block count 5
      Peak Allocated memory 18.1 MB
      Peak Large allocation bytes 0 B
    [ALLOC_CACHEOBJECTS_THREAD]
      Peak usage frame count: [4.0 KB-8.0 KB]: 157 frames, [32.0 KB-64.0 KB]: 177 frames, [64.0 KB-128.0 KB]: 4 frames, [256.0 KB-0.5 MB]: 2 frames, [0.5 MB-1.0 MB]: 1 frames
      Requested Block Size 4.0 MB
      Peak Block count 1
      Peak Allocated memory 0.6 MB
      Peak Large allocation bytes 0 B
[ALLOC_TYPETREE] Dual Thread Allocator
  Peak main deferred allocation count 0
    [ALLOC_BUCKET]
      Large Block size 4.0 MB
      Used Block count 1
      Peak Allocated bytes 4.0 MB
      Failed Allocations. Bucket layout:
        16B: 4 Subsections = 4096 buckets. Failed count: 24255
        32B: 30 Subsections = 15360 buckets. Failed count: 44004
        48B: 34 Subsections = 11605 buckets. Failed count: 46023
        64B: 89 Subsections = 22784 buckets. Failed count: 58867
        80B: 82 Subsections = 16793 buckets. Failed count: 18287
        96B: 6 Subsections = 1024 buckets. Failed count: 52942
        112B: 7 Subsections = 1024 buckets. Failed count: 6330
        128B: 4 Subsections = 512 buckets. Failed count: 8317
    [ALLOC_TYPETREE_MAIN]
      Peak usage frame count: [0-1.0 KB]: 1 frames, [4.0 KB-8.0 KB]: 149 frames, [32.0 KB-64.0 KB]: 191 frames
      Requested Block Size 2.0 MB
      Peak Block count 1
      Peak Allocated memory 46.3 KB
      Peak Large allocation bytes 0 B
    [ALLOC_TYPETREE_THREAD]
      Peak usage frame count: [0-1.0 KB]: 341 frames
      Requested Block Size 2.0 MB
      Peak Block count 0
      Peak Allocated memory 0 B
      Peak Large allocation bytes 0 B
